chrom,start,end,site_bp_from_tss,gene,orf,strand
chrXV,223113,223223,100,GPM3,YOL056W,+
chrXV,223103,223213,110,GPM3,YOL056W,+
chrXV,223093,223203,120,GPM3,YOL056W,+
chrXV,223083,223193,130,GPM3,YOL056W,+
chrXV,223073,223183,140,GPM3,YOL056W,+
chrXV,223063,223173,150,GPM3,YOL056W,+
chrXV,223053,223163,160,GPM3,YOL056W,+
chrXV,223043,223153,170,GPM3,YOL056W,+
chrXV,223033,223143,180,GPM3,YOL056W,+
chrXV,223023,223133,190,GPM3,YOL056W,+
chrXV,223013,223123,200,GPM3,YOL056W,+
chrVII,916885,916995,100,SLI1,YGR212W,+
chrVII,916875,916985,110,SLI1,YGR212W,+
chrVII,916865,916975,120,SLI1,YGR212W,+
chrVII,916855,916965,130,SLI1,YGR212W,+
chrVII,916845,916955,140,SLI1,YGR212W,+
chrVII,916835,916945,150,SLI1,YGR212W,+
chrVII,916825,916935,160,SLI1,YGR212W,+
chrVII,916815,916925,170,SLI1,YGR212W,+
chrVII,916805,916915,180,SLI1,YGR212W,+
chrVII,916795,916905,190,SLI1,YGR212W,+
chrVII,916785,916895,200,SLI1,YGR212W,+
chrIV,1422608,1422718,100,VPS52,YDR484W,+
chrIV,1422598,1422708,110,VPS52,YDR484W,+
chrIV,1422588,1422698,120,VPS52,YDR484W,+
chrIV,1422578,1422688,130,VPS52,YDR484W,+
chrIV,1422568,1422678,140,VPS52,YDR484W,+
chrIV,1422558,1422668,150,VPS52,YDR484W,+
chrIV,1422548,1422658,160,VPS52,YDR484W,+
chrIV,1422538,1422648,170,VPS52,YDR484W,+
chrIV,1422528,1422638,180,VPS52,YDR484W,+
chrIV,1422518,1422628,190,VPS52,YDR484W,+
chrIV,1422508,1422618,200,VPS52,YDR484W,+
chrXIII,574911,575021,100,YMR160W,YMR160W,+
chrXIII,574901,575011,110,YMR160W,YMR160W,+
chrXIII,574891,575001,120,YMR160W,YMR160W,+
chrXIII,574881,574991,130,YMR160W,YMR160W,+
chrXIII,574871,574981,140,YMR160W,YMR160W,+
chrXIII,574861,574971,150,YMR160W,YMR160W,+
chrXIII,574851,574961,160,YMR160W,YMR160W,+
chrXIII,574841,574951,170,YMR160W,YMR160W,+
chrXIII,574831,574941,180,YMR160W,YMR160W,+
chrXIII,574821,574931,190,YMR160W,YMR160W,+
chrXIII,574811,574921,200,YMR160W,YMR160W,+
chrIV,1146164,1146274,100,MRPS28,YDR337W,+
chrIV,1146154,1146264,110,MRPS28,YDR337W,+
chrIV,1146144,1146254,120,MRPS28,YDR337W,+
chrIV,1146134,1146244,130,MRPS28,YDR337W,+
chrIV,1146124,1146234,140,MRPS28,YDR337W,+
chrIV,1146114,1146224,150,MRPS28,YDR337W,+
chrIV,1146104,1146214,160,MRPS28,YDR337W,+
chrIV,1146094,1146204,170,MRPS28,YDR337W,+
chrIV,1146084,1146194,180,MRPS28,YDR337W,+
chrIV,1146074,1146184,190,MRPS28,YDR337W,+
chrIV,1146064,1146174,200,MRPS28,YDR337W,+
chrXII,29954,30064,100,YCT1,YLL055W,+
chrXII,29944,30054,110,YCT1,YLL055W,+
chrXII,29934,30044,120,YCT1,YLL055W,+
chrXII,29924,30034,130,YCT1,YLL055W,+
chrXII,29914,30024,140,YCT1,YLL055W,+
chrXII,29904,30014,150,YCT1,YLL055W,+
chrXII,29894,30004,160,YCT1,YLL055W,+
chrXII,29884,29994,170,YCT1,YLL055W,+
chrXII,29874,29984,180,YCT1,YLL055W,+
chrXII,29864,29974,190,YCT1,YLL055W,+
chrXII,29854,29964,200,YCT1,YLL055W,+
chrXV,850125,850235,100,RDL2,YOR286W,+
chrXV,850115,850225,110,RDL2,YOR286W,+
chrXV,850105,850215,120,RDL2,YOR286W,+
chrXV,850095,850205,130,RDL2,YOR286W,+
chrXV,850085,850195,140,RDL2,YOR286W,+
chrXV,850075,850185,150,RDL2,YOR286W,+
chrXV,850065,850175,160,RDL2,YOR286W,+
chrXV,850055,850165,170,RDL2,YOR286W,+
chrXV,850045,850155,180,RDL2,YOR286W,+
chrXV,850035,850145,190,RDL2,YOR286W,+
chrXV,850025,850135,200,RDL2,YOR286W,+
chrX,245436,245546,100,PHS1,YJL097W,+
chrX,245426,245536,110,PHS1,YJL097W,+
chrX,245416,245526,120,PHS1,YJL097W,+
chrX,245406,245516,130,PHS1,YJL097W,+
chrX,245396,245506,140,PHS1,YJL097W,+
chrX,245386,245496,150,PHS1,YJL097W,+
chrX,245376,245486,160,PHS1,YJL097W,+
chrX,245366,245476,170,PHS1,YJL097W,+
chrX,245356,245466,180,PHS1,YJL097W,+
chrX,245346,245456,190,PHS1,YJL097W,+
chrX,245336,245446,200,PHS1,YJL097W,+
chrVIII,280665,280775,100,RTC3,YHR087W,+
chrVIII,280655,280765,110,RTC3,YHR087W,+
chrVIII,280645,280755,120,RTC3,YHR087W,+
chrVIII,280635,280745,130,RTC3,YHR087W,+
chrVIII,280625,280735,140,RTC3,YHR087W,+
chrVIII,280615,280725,150,RTC3,YHR087W,+
chrVIII,280605,280715,160,RTC3,YHR087W,+
chrVIII,280595,280705,170,RTC3,YHR087W,+
chrVIII,280585,280695,180,RTC3,YHR087W,+
chrVIII,280575,280685,190,RTC3,YHR087W,+
chrVIII,280565,280675,200,RTC3,YHR087W,+
chrXI,323073,323183,100,MSN4,YKL062W,+
chrXI,323063,323173,110,MSN4,YKL062W,+
chrXI,323053,323163,120,MSN4,YKL062W,+
chrXI,323043,323153,130,MSN4,YKL062W,+
chrXI,323033,323143,140,MSN4,YKL062W,+
chrXI,323023,323133,150,MSN4,YKL062W,+
chrXI,323013,323123,160,MSN4,YKL062W,+
chrXI,323003,323113,170,MSN4,YKL062W,+
chrXI,322993,323103,180,MSN4,YKL062W,+
chrXI,322983,323093,190,MSN4,YKL062W,+
chrXI,322973,323083,200,MSN4,YKL062W,+
chrXII,573963,574073,100,COA4,YLR218C,-
chrXII,573973,574083,110,COA4,YLR218C,-
chrXII,573983,574093,120,COA4,YLR218C,-
chrXII,573993,574103,130,COA4,YLR218C,-
chrXII,574003,574113,140,COA4,YLR218C,-
chrXII,574013,574123,150,COA4,YLR218C,-
chrXII,574023,574133,160,COA4,YLR218C,-
chrXII,574033,574143,170,COA4,YLR218C,-
chrXII,574043,574153,180,COA4,YLR218C,-
chrXII,574053,574163,190,COA4,YLR218C,-
chrXII,574063,574173,200,COA4,YLR218C,-
chrXVI,366780,366890,100,ERI1,YPL096C-A,-
chrXVI,366790,366900,110,ERI1,YPL096C-A,-
chrXVI,366800,366910,120,ERI1,YPL096C-A,-
chrXVI,366810,366920,130,ERI1,YPL096C-A,-
chrXVI,366820,366930,140,ERI1,YPL096C-A,-
chrXVI,366830,366940,150,ERI1,YPL096C-A,-
chrXVI,366840,366950,160,ERI1,YPL096C-A,-
chrXVI,366850,366960,170,ERI1,YPL096C-A,-
chrXVI,366860,366970,180,ERI1,YPL096C-A,-
chrXVI,366870,366980,190,ERI1,YPL096C-A,-
chrXVI,366880,366990,200,ERI1,YPL096C-A,-
chrIX,188829,188939,100,RSM25,YIL093C,-
chrIX,188839,188949,110,RSM25,YIL093C,-
chrIX,188849,188959,120,RSM25,YIL093C,-
chrIX,188859,188969,130,RSM25,YIL093C,-
chrIX,188869,188979,140,RSM25,YIL093C,-
chrIX,188879,188989,150,RSM25,YIL093C,-
chrIX,188889,188999,160,RSM25,YIL093C,-
chrIX,188899,189009,170,RSM25,YIL093C,-
chrIX,188909,189019,180,RSM25,YIL093C,-
chrIX,188919,189029,190,RSM25,YIL093C,-
chrIX,188929,189039,200,RSM25,YIL093C,-
chrIV,1296731,1296841,100,ERD1,YDR414C,-
chrIV,1296741,1296851,110,ERD1,YDR414C,-
chrIV,1296751,1296861,120,ERD1,YDR414C,-
chrIV,1296761,1296871,130,ERD1,YDR414C,-
chrIV,1296771,1296881,140,ERD1,YDR414C,-
chrIV,1296781,1296891,150,ERD1,YDR414C,-
chrIV,1296791,1296901,160,ERD1,YDR414C,-
chrIV,1296801,1296911,170,ERD1,YDR414C,-
chrIV,1296811,1296921,180,ERD1,YDR414C,-
chrIV,1296821,1296931,190,ERD1,YDR414C,-
chrIV,1296831,1296941,200,ERD1,YDR414C,-
chrVII,253904,254014,100,MRM2,YGL136C,-
chrVII,253914,254024,110,MRM2,YGL136C,-
chrVII,253924,254034,120,MRM2,YGL136C,-
chrVII,253934,254044,130,MRM2,YGL136C,-
chrVII,253944,254054,140,MRM2,YGL136C,-
chrVII,253954,254064,150,MRM2,YGL136C,-
chrVII,253964,254074,160,MRM2,YGL136C,-
chrVII,253974,254084,170,MRM2,YGL136C,-
chrVII,253984,254094,180,MRM2,YGL136C,-
chrVII,253994,254104,190,MRM2,YGL136C,-
chrVII,254004,254114,200,MRM2,YGL136C,-
chrVII,265904,266014,100,SNT2,YGL131C,-
chrVII,265914,266024,110,SNT2,YGL131C,-
chrVII,265924,266034,120,SNT2,YGL131C,-
chrVII,265934,266044,130,SNT2,YGL131C,-
chrVII,265944,266054,140,SNT2,YGL131C,-
chrVII,265954,266064,150,SNT2,YGL131C,-
chrVII,265964,266074,160,SNT2,YGL131C,-
chrVII,265974,266084,170,SNT2,YGL131C,-
chrVII,265984,266094,180,SNT2,YGL131C,-
chrVII,265994,266104,190,SNT2,YGL131C,-
chrVII,266004,266114,200,SNT2,YGL131C,-
chrXV,312412,312522,100,CSI2,YOL007C,-
chrXV,312422,312532,110,CSI2,YOL007C,-
chrXV,312432,312542,120,CSI2,YOL007C,-
chrXV,312442,312552,130,CSI2,YOL007C,-
chrXV,312452,312562,140,CSI2,YOL007C,-
chrXV,312462,312572,150,CSI2,YOL007C,-
chrXV,312472,312582,160,CSI2,YOL007C,-
chrXV,312482,312592,170,CSI2,YOL007C,-
chrXV,312492,312602,180,CSI2,YOL007C,-
chrXV,312502,312612,190,CSI2,YOL007C,-
chrXV,312512,312622,200,CSI2,YOL007C,-
chrX,191135,191245,100,RPE1,YJL121C,-
chrX,191145,191255,110,RPE1,YJL121C,-
chrX,191155,191265,120,RPE1,YJL121C,-
chrX,191165,191275,130,RPE1,YJL121C,-
chrX,191175,191285,140,RPE1,YJL121C,-
chrX,191185,191295,150,RPE1,YJL121C,-
chrX,191195,191305,160,RPE1,YJL121C,-
chrX,191205,191315,170,RPE1,YJL121C,-
chrX,191215,191325,180,RPE1,YJL121C,-
chrX,191225,191335,190,RPE1,YJL121C,-
chrX,191235,191345,200,RPE1,YJL121C,-
chrII,17741,17851,100,PKC1,YBL105C,-
chrII,17751,17861,110,PKC1,YBL105C,-
chrII,17761,17871,120,PKC1,YBL105C,-
chrII,17771,17881,130,PKC1,YBL105C,-
chrII,17781,17891,140,PKC1,YBL105C,-
chrII,17791,17901,150,PKC1,YBL105C,-
chrII,17801,17911,160,PKC1,YBL105C,-
chrII,17811,17921,170,PKC1,YBL105C,-
chrII,17821,17931,180,PKC1,YBL105C,-
chrII,17831,17941,190,PKC1,YBL105C,-
chrII,17841,17951,200,PKC1,YBL105C,-
chrV,348445,348555,100,AIM11,YER093C-A,-
chrV,348455,348565,110,AIM11,YER093C-A,-
chrV,348465,348575,120,AIM11,YER093C-A,-
chrV,348475,348585,130,AIM11,YER093C-A,-
chrV,348485,348595,140,AIM11,YER093C-A,-
chrV,348495,348605,150,AIM11,YER093C-A,-
chrV,348505,348615,160,AIM11,YER093C-A,-
chrV,348515,348625,170,AIM11,YER093C-A,-
chrV,348525,348635,180,AIM11,YER093C-A,-
chrV,348535,348645,190,AIM11,YER093C-A,-
chrV,348545,348655,200,AIM11,YER093C-A,-
chrXI,384770,384880,100,MAE1,YKL029C,-
chrXI,384780,384890,110,MAE1,YKL029C,-
chrXI,384790,384900,120,MAE1,YKL029C,-
chrXI,384800,384910,130,MAE1,YKL029C,-
chrXI,384810,384920,140,MAE1,YKL029C,-
chrXI,384820,384930,150,MAE1,YKL029C,-
chrXI,384830,384940,160,MAE1,YKL029C,-
chrXI,384840,384950,170,MAE1,YKL029C,-
chrXI,384850,384960,180,MAE1,YKL029C,-
chrXI,384860,384970,190,MAE1,YKL029C,-
chrXI,384870,384980,200,MAE1,YKL029C,-
chrIV,683626,683736,100,MRPL1,YDR116C,-
chrIV,683636,683746,110,MRPL1,YDR116C,-
chrIV,683646,683756,120,MRPL1,YDR116C,-
chrIV,683656,683766,130,MRPL1,YDR116C,-
chrIV,683666,683776,140,MRPL1,YDR116C,-
chrIV,683676,683786,150,MRPL1,YDR116C,-
chrIV,683686,683796,160,MRPL1,YDR116C,-
chrIV,683696,683806,170,MRPL1,YDR116C,-
chrIV,683706,683816,180,MRPL1,YDR116C,-
chrIV,683716,683826,190,MRPL1,YDR116C,-
chrIV,683726,683836,200,MRPL1,YDR116C,-
