layer,group
sequence,conv_tower
stochastic_shift,conv_tower
conv1d,conv_tower
batch_normalization,conv_tower
tf.nn.gelu,conv_tower
conv1d_1,conv_tower
batch_normalization_1,conv_tower
tf.nn.gelu_1,conv_tower
conv1d_2,conv_tower
dropout,conv_tower
scale,conv_tower
add,conv_tower
max_pooling1d,conv_tower
batch_normalization_2,conv_tower
tf.nn.gelu_2,conv_tower
conv1d_3,conv_tower
batch_normalization_3,conv_tower
tf.nn.gelu_3,conv_tower
conv1d_4,conv_tower
dropout_1,conv_tower
scale_1,conv_tower
add_1,conv_tower
max_pooling1d_1,conv_tower
batch_normalization_4,conv_tower
tf.nn.gelu_4,conv_tower
conv1d_5,conv_tower
batch_normalization_5,conv_tower
tf.nn.gelu_5,conv_tower
conv1d_6,conv_tower
dropout_2,conv_tower
scale_2,conv_tower
add_2,conv_tower
max_pooling1d_2,conv_tower
batch_normalization_6,conv_tower
tf.nn.gelu_6,conv_tower
conv1d_7,conv_tower
batch_normalization_7,conv_tower
tf.nn.gelu_7,conv_tower
conv1d_8,conv_tower
dropout_3,conv_tower
scale_3,conv_tower
add_3,conv_tower
max_pooling1d_3,conv_tower
batch_normalization_8,conv_tower
tf.nn.gelu_8,conv_tower
conv1d_9,conv_tower
batch_normalization_9,conv_tower
tf.nn.gelu_9,conv_tower
conv1d_10,conv_tower
dropout_4,conv_tower
scale_4,conv_tower
add_4,conv_tower
max_pooling1d_4,conv_tower
batch_normalization_10,conv_tower
tf.nn.gelu_10,conv_tower
conv1d_11,conv_tower
batch_normalization_11,conv_tower
tf.nn.gelu_11,conv_tower
conv1d_12,conv_tower
dropout_5,conv_tower
scale_5,conv_tower
add_5,conv_tower
max_pooling1d_5,conv_tower
batch_normalization_12,conv_tower
tf.nn.gelu_12,conv_tower
conv1d_13,conv_tower
batch_normalization_13,conv_tower
tf.nn.gelu_13,conv_tower
conv1d_14,conv_tower
dropout_6,conv_tower
scale_6,conv_tower
add_6,conv_tower
max_pooling1d_6,conv_tower
layer_normalization,conv_tower
multihead_attention,transformer
dropout_7,transformer
add_7,transformer
layer_normalization_1,transformer
dense,transformer
dropout_8,transformer
re_lu,transformer
dense_1,transformer
dropout_9,transformer
add_8,transformer
layer_normalization_2,transformer
multihead_attention_1,transformer
dropout_10,transformer
add_9,transformer
layer_normalization_3,transformer
dense_2,transformer
dropout_11,transformer
re_lu_1,transformer
dense_3,transformer
dropout_12,transformer
add_10,transformer
layer_normalization_4,transformer
multihead_attention_2,transformer
dropout_13,transformer
add_11,transformer
layer_normalization_5,transformer
dense_4,transformer
dropout_14,transformer
re_lu_2,transformer
dense_5,transformer
dropout_15,transformer
add_12,transformer
layer_normalization_6,transformer
multihead_attention_3,transformer
dropout_16,transformer
add_13,transformer
layer_normalization_7,transformer
dense_6,transformer
dropout_17,transformer
re_lu_3,transformer
dense_7,transformer
dropout_18,transformer
add_14,transformer
layer_normalization_8,transformer
multihead_attention_4,transformer
dropout_19,transformer
add_15,transformer
layer_normalization_9,transformer
dense_8,transformer
dropout_20,transformer
re_lu_4,transformer
dense_9,transformer
dropout_21,transformer
add_16,transformer
layer_normalization_10,transformer
multihead_attention_5,transformer
dropout_22,transformer
add_17,transformer
layer_normalization_11,transformer
dense_10,transformer
dropout_23,transformer
re_lu_5,transformer
dense_11,transformer
dropout_24,transformer
add_18,transformer
layer_normalization_12,transformer
multihead_attention_6,transformer
dropout_25,transformer
add_19,transformer
layer_normalization_13,transformer
dense_12,transformer
dropout_26,transformer
re_lu_6,transformer
dense_13,transformer
dropout_27,transformer
add_20,transformer
layer_normalization_14,transformer
multihead_attention_7,transformer
dropout_28,decoder
add_21,decoder
layer_normalization_15,decoder
dense_14,decoder
dropout_29,decoder
re_lu_7,decoder
dense_15,decoder
dropout_30,decoder
add_22,decoder
batch_normalization_14,decoder
tf.nn.gelu_14,decoder
batch_normalization_15,decoder
dense_16,decoder
tf.nn.gelu_15,decoder
up_sampling1d,decoder
dense_17,decoder
add_23,decoder
separable_conv1d,decoder
batch_normalization_16,decoder
tf.nn.gelu_16,decoder
batch_normalization_17,decoder
dense_18,decoder
tf.nn.gelu_17,decoder
up_sampling1d_1,decoder
dense_19,decoder
add_24,decoder
separable_conv1d_1,decoder
batch_normalization_18,decoder
tf.nn.gelu_18,decoder
batch_normalization_19,decoder
dense_20,decoder
tf.nn.gelu_19,decoder
up_sampling1d_2,decoder
dense_21,decoder
add_25,decoder
separable_conv1d_2,decoder
batch_normalization_20,decoder
tf.nn.gelu_20,decoder
batch_normalization_21,decoder
dense_22,decoder
tf.nn.gelu_21,decoder
up_sampling1d_3,decoder
dense_23,decoder
add_26,decoder
separable_conv1d_3,decoder
batch_normalization_22,decoder
tf.nn.gelu_22,decoder
batch_normalization_23,decoder
dense_24,decoder
tf.nn.gelu_23,decoder
up_sampling1d_4,decoder
dense_25,decoder
add_27,decoder
separable_conv1d_4,decoder
batch_normalization_24,decoder
tf.nn.gelu_24,decoder
batch_normalization_25,decoder
dense_26,decoder
tf.nn.gelu_25,decoder
up_sampling1d_5,decoder
dense_27,decoder
add_28,decoder
separable_conv1d_5,decoder
batch_normalization_26,decoder
tf.nn.gelu_26,decoder
batch_normalization_27,decoder
dense_28,decoder
tf.nn.gelu_27,decoder
up_sampling1d_6,decoder
dense_29,decoder
add_29,decoder
separable_conv1d_6,decoder
tf.nn.gelu_28,decoder
dense_30,decoder
