transcript,chrom,strand,intron_len,starts_GTATGT,ends_AG,branch_found,branch_exact,branch_offset_from_3ss
YDR367W_mRNA,IV,+,101,True,True,True,True,36.0
YDR471W_mRNA,IV,+,384,False,True,True,True,27.0
YDR129C_mRNA,IV,-,111,True,True,True,True,25.0
YDL125C_mRNA,IV,-,111,True,True,True,True,28.0
YDR381C-A_mRNA,IV,-,194,True,True,False,False,
YDL083C_mRNA,IV,-,432,True,True,True,True,47.0
YDL079C_mRNA,IV,-,292,True,True,True,True,17.0
YDR305C_mRNA,IV,-,89,False,True,True,True,42.0
YDL012C_mRNA,IV,-,86,False,True,True,True,44.0
YDR064W_mRNA,IV,+,539,True,True,True,True,59.0
YDR397C_mRNA,IV,-,92,True,True,True,True,33.0
YDL115C_mRNA,IV,-,70,True,True,False,False,
YDL075W_mRNA,IV,+,421,True,True,True,True,35.0
YDL082W_mRNA,IV,+,365,True,True,True,True,45.0
YDR059C_mRNA,IV,-,90,True,True,True,True,38.0
YDL191W_mRNA,IV,+,491,True,True,True,True,54.0
YDR025W_mRNA,IV,+,339,False,True,True,True,29.0
YDR447C_mRNA,IV,-,314,False,True,True,True,43.0
tL(CAA)D_tRNA,IV,-,33,False,False,False,False,
tK(UUU)D_tRNA,IV,+,23,False,False,False,False,
YDL219W_mRNA,IV,+,71,True,True,True,True,26.0
YDR092W_mRNA,IV,+,268,True,True,True,True,161.0
tI(UAU)D_tRNA,IV,+,60,False,False,False,False,
YDL064W_mRNA,IV,+,110,False,True,True,True,44.0
YDR450W_mRNA,IV,+,435,True,True,True,True,51.0
YDL108W_mRNA,IV,+,81,True,True,True,True,32.0
YDR318W_mRNA,IV,+,83,True,True,True,False,25.0
YDR500C_mRNA,IV,-,389,True,True,True,True,40.0
YDL130W_mRNA,IV,+,301,True,True,True,True,64.0
YDR381W_mRNA,IV,+,766,True,True,False,False,
YDR424C_mRNA,IV,-,80,True,True,True,True,22.0
YDR424C_mRNA,IV,-,96,True,True,True,True,43.0
YDR005C_mRNA,IV,-,80,True,True,True,True,38.0
YDR139C_mRNA,IV,-,73,True,True,True,True,18.0
YDR535C_mRNA,IV,-,256,False,True,False,False,
YDL029W_mRNA,IV,+,123,True,True,True,True,20.0
YDL136W_mRNA,IV,+,405,True,True,True,True,43.0
YOL048C_mRNA,XV,-,78,False,True,False,False,
tK(UUU)O_tRNA,XV,+,23,False,False,False,False,
YOL120C_mRNA,XV,-,447,True,True,True,True,30.0
YOR122C_mRNA,XV,-,209,True,True,True,True,78.0
YOL127W_mRNA,XV,+,414,True,True,True,True,47.0
snR17a_snoRNA,XV,+,157,True,True,False,False,
YOR234C_mRNA,XV,-,527,True,True,True,True,55.0
tP(UGG)O1_tRNA,XV,+,30,False,False,False,False,
tP(UGG)O2_tRNA,XV,+,30,False,False,False,False,
YOR293W_mRNA,XV,+,437,True,True,True,True,75.0
YOR318C_mRNA,XV,-,347,False,True,True,True,123.0
tP(UGG)O3_tRNA,XV,+,33,False,False,False,False,
YOR182C_mRNA,XV,-,411,False,True,True,True,46.0
YOL047C_mRNA,XV,-,63,True,True,True,True,18.0
YOL121C_mRNA,XV,-,390,False,True,True,True,41.0
YOR096W_mRNA,XV,+,401,True,True,True,True,38.0
YGL087C_mRNA,VII,-,85,True,True,True,True,48.0
tK(UUU)G2_tRNA,VII,-,23,False,False,False,False,
YGR183C_mRNA,VII,-,213,True,True,True,True,27.0
tW(CCA)G1_tRNA,VII,-,34,False,False,False,False,
YGR029W_mRNA,VII,+,83,True,True,False,False,
YGR296W_mRNA,VII,+,148,False,True,True,True,30.0
YGL076C_mRNA,VII,-,468,True,True,True,True,44.0
YGL076C_mRNA,VII,-,459,True,True,False,False,
YGL226C-A_mRNA,VII,-,149,False,True,True,True,52.0
YGL137W_mRNA,VII,+,200,True,True,True,True,77.0
YGR001C_mRNA,VII,-,93,True,True,True,True,30.0
YGR001C_mRNA,VII,-,62,False,True,True,True,25.0
tK(UUU)G1_tRNA,VII,+,23,False,False,False,False,
YGR034W_mRNA,VII,+,477,True,True,True,True,35.0
YGR118W_mRNA,VII,+,319,True,True,True,True,28.0
YGR214W_mRNA,VII,+,455,True,True,True,True,32.0
YGL183C_mRNA,VII,-,83,True,True,True,False,45.0
YGL178W_mRNA,VII,+,640,True,True,True,True,30.0
YGL103W_mRNA,VII,+,511,True,True,True,True,49.0
tW(CCA)G2_tRNA,VII,-,34,False,False,False,False,
tL(CAA)G1_tRNA,VII,+,32,False,False,False,False,
YGL251C_mRNA,VII,-,152,False,True,False,False,
YGR225W_mRNA,VII,+,93,False,True,True,True,22.0
tL(CAA)G2_tRNA,VII,+,32,False,False,False,False,
tL(CAA)G3_tRNA,VII,-,32,False,False,False,False,
YGL033W_mRNA,VII,+,70,False,True,True,True,32.0
YGL033W_mRNA,VII,+,62,True,True,True,True,20.0
YGL030W_mRNA,VII,+,230,False,True,True,True,46.0
YGL232W_mRNA,VII,+,58,True,True,True,True,22.0
YLL050C_mRNA,XII,-,179,False,True,True,True,138.0
YLR054C_mRNA,XII,-,87,False,True,True,True,43.0
YLR128W_mRNA,XII,+,94,True,True,True,True,50.0
YLL066C_mRNA,XII,-,99,False,True,True,True,70.0
YLR078C_mRNA,XII,-,89,True,True,True,True,35.0
YLR093C_mRNA,XII,-,141,True,True,False,False,
YLR445W_mRNA,XII,+,82,False,True,True,False,26.0
YLR202C_mRNA,XII,-,116,False,True,True,True,84.0
YLR185W_mRNA,XII,+,359,True,True,True,True,52.0
YLR448W_mRNA,XII,+,384,True,True,True,True,44.0
YLR367W_mRNA,XII,+,483,True,True,True,True,24.0
tI(UAU)L_tRNA,XII,-,60,False,False,False,False,
YLR211C_mRNA,XII,-,59,False,True,False,False,
YLR329W_mRNA,XII,+,97,True,True,True,True,51.0
YLR344W_mRNA,XII,+,447,True,True,True,True,26.0
YLR275W_mRNA,XII,+,90,True,True,True,True,36.0
YLR316C_mRNA,XII,-,56,True,True,False,False,
YLR316C_mRNA,XII,-,68,True,True,False,False,
tP(UGG)L_tRNA,XII,+,31,False,False,False,False,
YLR048W_mRNA,XII,+,359,True,True,True,True,35.0
tK(UUU)L_tRNA,XII,+,23,False,False,False,False,
tL(CAA)L_tRNA,XII,+,33,False,False,False,False,
RDN37-1_rRNA,XII,-,232,False,False,False,False,
RDN37-1_rRNA,XII,-,361,False,False,False,False,
YLR426W_mRNA,XII,+,71,True,True,True,True,24.0
YLR406C_mRNA,XII,-,349,True,True,True,True,36.0
YLR287C-A_mRNA,XII,-,430,False,True,True,True,45.0
YLR464W_mRNA,XII,+,279,True,True,True,True,95.0
RDN37-2_rRNA,XII,-,232,False,False,False,False,
RDN37-2_rRNA,XII,-,361,False,False,False,False,
YLR199C_mRNA,XII,-,86,True,True,False,False,
YLR306W_mRNA,XII,+,134,False,True,True,True,76.0
YLR061W_mRNA,XII,+,389,False,True,True,True,61.0
tX(XXX)L_tRNA,XII,+,20,False,False,False,False,
YLL067C_mRNA,XII,-,99,False,True,True,True,70.0
snR17b_snoRNA,XVI,-,130,True,True,False,False,
YPL218W_mRNA,XVI,+,139,True,True,True,True,24.0
YPL198W_mRNA,XVI,+,409,True,True,False,False,
YPL198W_mRNA,XVI,+,407,True,True,True,True,41.0
YPL175W_mRNA,XVI,+,100,True,True,True,True,40.0
YPL090C_mRNA,XVI,-,394,False,True,True,True,43.0
YPR202W_mRNA,XVI,+,148,False,True,True,True,30.0
YPL081W_mRNA,XVI,+,501,False,True,True,False,34.0
YPR010C-A_mRNA,XVI,-,143,True,True,True,True,17.0
YPL129W_mRNA,XVI,+,105,True,True,True,True,42.0
YPR153W_mRNA,XVI,+,134,True,True,False,False,
tK(UUU)P_tRNA,XVI,-,23,False,False,False,False,
tW(CCA)P_tRNA,XVI,-,34,False,False,False,False,
YPR028W_mRNA,XVI,+,133,True,True,True,True,51.0
YPL075W_mRNA,XVI,+,751,False,True,True,True,57.0
YPL031C_mRNA,XVI,-,102,True,True,True,True,47.0
YPR132W_mRNA,XVI,+,365,True,True,True,True,66.0
YPL241C_mRNA,XVI,-,80,True,True,False,False,
YPR043W_mRNA,XVI,+,403,False,True,True,True,39.0
YPL143W_mRNA,XVI,+,525,True,True,True,True,44.0
YPR063C_mRNA,XVI,-,86,True,True,True,True,34.0
YPR187W_mRNA,XVI,+,76,True,True,True,True,26.0
YPL249C-A_mRNA,XVI,-,238,True,True,True,True,34.0
YPR098C_mRNA,XVI,-,96,True,True,False,False,
YPL283C_mRNA,XVI,-,148,False,True,True,True,30.0
YPL079W_mRNA,XVI,+,421,True,True,True,True,68.0
YPL109C_mRNA,XVI,-,152,False,True,True,True,45.0
YPR170W-B_mRNA,XVI,+,99,True,True,True,True,35.0
YML085C_mRNA,XIII,-,116,True,True,True,True,47.0
YML073C_mRNA,XIII,-,415,True,True,True,True,40.0
YML056C_mRNA,XIII,-,408,True,True,True,True,119.0
YML133C_mRNA,XIII,-,99,False,True,True,True,70.0
YMR079W_mRNA,XIII,+,156,True,True,True,True,45.0
YMR201C_mRNA,XIII,-,84,True,True,True,True,34.0
YML026C_mRNA,XIII,-,401,True,True,True,True,46.0
YMR143W_mRNA,XIII,+,544,True,True,True,True,45.0
YMR142C_mRNA,XIII,-,402,True,True,True,True,27.0
tW(CCA)M_tRNA,XIII,-,34,False,False,False,False,
YMR133W_mRNA,XIII,+,116,True,True,True,True,42.0
YMR033W_mRNA,XIII,+,86,False,True,True,True,22.0
YMR194C-B_mRNA,XIII,-,72,False,True,True,False,28.0
YML017W_mRNA,XIII,+,362,True,True,True,False,171.0
YML025C_mRNA,XIII,-,99,False,True,True,True,30.0
YML094W_mRNA,XIII,+,83,True,True,True,True,36.0
YMR116C_mRNA,XIII,-,273,True,True,True,True,26.0
tL(CAA)M_tRNA,XIII,+,32,False,False,False,False,
tP(UGG)M_tRNA,XIII,-,31,False,False,False,False,
YMR225C_mRNA,XIII,-,147,True,True,True,True,39.0
YML024W_mRNA,XIII,+,398,True,True,True,True,64.0
YMR194W_mRNA,XIII,+,463,True,True,True,True,35.0
YMR125W_mRNA,XIII,+,322,True,True,True,True,48.0
YML124C_mRNA,XIII,-,298,True,True,True,True,145.0
YMR230W_mRNA,XIII,+,410,True,True,True,True,45.0
YML067C_mRNA,XIII,-,93,True,True,True,False,28.0
YML034W_mRNA,XIII,+,126,False,True,True,True,29.0
YMR292W_mRNA,XIII,+,82,True,True,True,True,24.0
YML036W_mRNA,XIII,+,106,True,True,True,True,47.0
YBR119W_mRNA,II,+,89,True,True,True,True,45.0
YBR111W-A_mRNA,II,+,80,False,True,False,False,
YBR111W-A_mRNA,II,+,70,True,True,True,True,27.0
YBR090C_mRNA,II,-,357,True,True,True,True,19.0
YBR230C_mRNA,II,-,97,True,True,True,False,90.0
YBL027W_mRNA,II,+,384,True,True,True,True,47.0
YBL059C-A_mRNA,II,-,85,False,True,True,True,34.0
YBR255C-A_mRNA,II,-,94,True,True,False,False,
YBL059W_mRNA,II,+,69,False,True,True,True,24.0
YBL018C_mRNA,II,-,75,True,True,True,True,25.0
YBL087C_mRNA,II,-,504,True,True,True,True,50.0
YBR215W_mRNA,II,+,84,True,True,False,False,
YBR062C_mRNA,II,-,82,True,True,False,False,
YBL111C_mRNA,II,-,99,False,True,True,True,70.0
YBR189W_mRNA,II,+,413,False,True,False,False,
YBL040C_mRNA,II,-,97,True,True,True,True,40.0
YBL026W_mRNA,II,+,128,True,True,True,True,42.0
YBR082C_mRNA,II,-,95,True,True,True,True,31.0
YBR084C-A_mRNA,II,-,506,True,True,False,False,
YBR048W_mRNA,II,+,511,False,True,True,True,25.0
YBR181C_mRNA,II,-,352,True,True,True,True,28.0
YBR186W_mRNA,II,+,113,True,True,True,False,42.0
YBL091C-A_mRNA,II,-,88,True,True,True,False,21.0
YBR219C_mRNA,II,-,421,False,True,True,False,159.0
YBR191W_mRNA,II,+,388,True,True,True,True,54.0
YBR078W_mRNA,II,+,330,True,True,True,True,30.0
YBL050W_mRNA,II,+,116,True,True,True,True,45.0
YNL246W_mRNA,XIV,+,95,True,True,True,True,40.0
YNL301C_mRNA,XIV,-,432,True,True,True,True,46.0
YNL044W_mRNA,XIV,+,79,False,True,True,True,36.0
YNL162W_mRNA,XIV,+,512,True,True,True,True,42.0
tL(CAA)N_tRNA,XIV,+,32,False,False,False,False,
YNL050C_mRNA,XIV,-,91,False,True,True,True,45.0
YNL312W_mRNA,XIV,+,108,True,True,True,True,29.0
YNL004W_mRNA,XIV,+,342,True,True,True,False,24.0
YNL038W_mRNA,XIV,+,74,True,True,True,True,19.0
YNL265C_mRNA,XIV,-,105,True,True,True,True,46.0
tP(UGG)N2_tRNA,XIV,+,31,False,False,False,False,
YNL012W_mRNA,XIV,+,84,False,True,False,False,
YNL130C_mRNA,XIV,-,92,True,True,True,True,40.0
YNL147W_mRNA,XIV,+,96,True,True,True,True,40.0
YNL069C_mRNA,XIV,-,449,False,True,True,True,31.0
YNL302C_mRNA,XIV,-,551,False,True,True,True,40.0
YNL112W_mRNA,XIV,+,1002,True,True,True,True,49.0
YNL138W-A_mRNA,XIV,+,122,True,True,True,True,69.0
YNR053C_mRNA,XIV,-,532,True,True,True,True,45.0
YNL339C_mRNA,XIV,-,148,False,True,True,True,30.0
YNL096C_mRNA,XIV,-,345,True,True,True,True,41.0
tP(UGG)N1_tRNA,XIV,+,31,False,False,False,False,
YJL189W_mRNA,X,+,386,True,True,True,True,61.0
YJR079W_mRNA,X,+,705,False,True,True,True,48.0
YJR145C_mRNA,X,-,256,True,True,True,True,88.0
YJL136C_mRNA,X,-,460,False,True,True,True,32.0
tW(CCA)J_tRNA,X,-,34,False,False,False,False,
YJR021C_mRNA,X,-,80,False,True,True,True,20.0
YJR094W-A_mRNA,X,+,275,False,True,True,True,39.0
YJL001W_mRNA,X,+,116,True,True,True,True,40.0
YJL024C_mRNA,X,-,77,True,True,True,True,30.0
YJR112W-A_mRNA,X,+,49,True,False,False,False,
YJL225C_mRNA,X,-,388,True,True,True,True,124.0
YJL177W_mRNA,X,+,317,True,True,True,True,40.0
YJL191W_mRNA,X,+,408,False,True,True,True,31.0
YJL205C_mRNA,X,-,143,True,True,True,True,88.0
YJL031C_mRNA,X,-,87,True,True,False,False,
YKR004C_mRNA,XI,-,104,True,True,True,True,32.0
YKL002W_mRNA,XI,+,68,True,True,True,True,28.0
YKL180W_mRNA,XI,+,306,True,True,True,True,29.0
YKR094C_mRNA,XI,-,368,True,True,True,True,85.0
YKL157W_mRNA,XI,+,383,True,True,True,True,61.0
YKL081W_mRNA,XI,+,326,True,True,True,True,55.0
tK(UUU)K_tRNA,XI,+,23,False,False,False,False,
YKR057W_mRNA,XI,+,322,True,True,False,False,
YKL006W_mRNA,XI,+,398,True,True,True,True,54.0
tL(CAA)K_tRNA,XI,+,32,False,False,False,False,
tW(CCA)K_tRNA,XI,+,34,False,False,False,False,
YKL156W_mRNA,XI,+,351,True,True,True,True,39.0
YKL190W_mRNA,XI,+,76,True,True,True,True,24.0
YKL006C-A_mRNA,XI,-,141,True,True,True,True,70.0
YKR095W-A_mRNA,XI,+,75,False,True,True,True,30.0
YKR005C_mRNA,XI,-,69,True,True,True,False,45.0
YER056C-A_mRNA,V,-,397,True,True,True,True,59.0
YER003C_mRNA,V,-,93,True,True,True,False,29.0
YER179W_mRNA,V,+,92,True,True,True,True,34.0
YER007C-A_mRNA,V,-,103,True,True,True,True,21.0
YER093C-A_mRNA,V,-,75,True,True,True,True,25.0
YEL003W_mRNA,V,+,88,False,True,True,True,33.0
YER133W_mRNA,V,+,525,True,True,True,True,36.0
YER014C-A_mRNA,V,-,508,False,True,True,True,136.0
YEL076C-A_mRNA,V,-,279,True,True,True,True,95.0
YER044C-A_mRNA,V,-,88,False,True,True,True,50.0
YER117W_mRNA,V,+,471,True,True,True,True,58.0
YER074W_mRNA,V,+,466,True,True,True,True,48.0
YER074W-A_mRNA,V,+,102,True,True,True,True,49.0
YER074W-A_mRNA,V,+,111,True,True,True,True,29.0
YEL012W_mRNA,V,+,123,True,True,True,False,52.0
YHR097C_mRNA,VIII,-,124,True,True,True,True,60.0
YHR039C-A_mRNA,VIII,-,162,True,True,True,True,111.0
YHR016C_mRNA,VIII,-,168,True,True,True,True,46.0
YHR141C_mRNA,VIII,-,441,True,True,True,True,52.0
YHR021C_mRNA,VIII,-,550,True,True,True,True,61.0
YHR001W-A_mRNA,VIII,+,63,False,True,True,True,20.0
YHR101C_mRNA,VIII,-,87,True,True,True,True,41.0
YHR203C_mRNA,VIII,-,269,True,True,True,True,47.0
YHR199C-A_mRNA,VIII,-,67,True,True,True,True,17.0
YHR076W_mRNA,VIII,+,93,True,True,False,False,
YHR012W_mRNA,VIII,+,119,True,True,True,True,36.0
YHR077C_mRNA,VIII,-,113,True,True,True,True,55.0
YHR123W_mRNA,VIII,+,91,True,True,True,True,38.0
tP(UGG)H_tRNA,VIII,-,31,False,False,False,False,
YHR041C_mRNA,VIII,-,101,True,True,False,False,
YHR218W_mRNA,VIII,+,99,False,True,True,True,70.0
YHL050C_mRNA,VIII,-,773,False,True,True,True,36.0
YHR010W_mRNA,VIII,+,561,False,True,True,True,36.0
YHR079C-A_mRNA,VIII,-,86,True,True,False,False,
YHL001W_mRNA,VIII,+,398,True,True,True,True,53.0
YIL156W-B_mRNA,IX,+,62,False,True,True,True,23.0
YIL133C_mRNA,IX,-,290,False,True,True,True,63.0
YIL106W_mRNA,IX,+,85,True,True,False,False,
YIL004C_mRNA,IX,-,131,False,True,True,True,25.0
YIL018W_mRNA,IX,+,400,True,True,True,True,39.0
YIL073C_mRNA,IX,-,90,False,True,False,False,
YIL052C_mRNA,IX,-,472,True,True,True,True,41.0
YIL177C_mRNA,IX,-,388,True,True,True,True,124.0
YIL148W_mRNA,IX,+,434,False,True,True,True,41.0
YIL069C_mRNA,IX,-,409,True,True,True,True,63.0
YCR031C_mRNA,III,-,307,True,True,True,True,55.0
YCL002C_mRNA,III,-,76,False,True,False,False,
YCL012C_mRNA,III,-,67,True,True,True,True,18.0
YCR097W_mRNA,III,+,54,True,True,True,True,17.0
YCR097W_mRNA,III,+,52,True,True,True,True,16.0
YCL005W-A_mRNA,III,+,77,True,True,True,True,27.0
YCL005W-A_mRNA,III,+,96,True,True,True,True,38.0
tL(CAA)C_tRNA,III,+,32,False,False,False,False,
YCR028C-A_mRNA,III,-,83,True,True,True,True,31.0
tP(UGG)F_tRNA,VI,+,31,False,False,False,False,
YFR024C-A_mRNA,VI,-,94,True,True,True,True,29.0
YFR045W_mRNA,VI,+,72,False,True,False,False,
YFL034C-B_mRNA,VI,-,114,True,True,True,True,62.0
YFR031C-A_mRNA,VI,-,147,True,True,True,True,41.0
YFL039C_mRNA,VI,-,309,True,True,True,True,49.0
YFL034C-A_mRNA,VI,-,321,False,True,True,True,22.0
YFL031W_mRNA,VI,+,252,False,False,False,False,
YAL003W_mRNA,I,+,366,True,True,True,True,40.0
tL(CAA)A_tRNA,I,+,32,False,False,False,False,
tP(UGG)A_tRNA,I,+,31,False,False,False,False,
YAL030W_mRNA,I,+,113,False,True,True,True,68.0
YAL001C_mRNA,I,-,90,True,True,True,True,19.0
