panel,statistic,track_type,model,n_units,n_folds,point,fold_mean,fold_sd,fold_ci95_lo,fold_ci95_hi,unit_boot_ci95_lo,unit_boot_ci95_hi,hier_boot_ci95_lo,hier_boot_ci95_hi,wilcoxon_p
3C,bin-level Pearson's R (median),RNA-Seq,Shorkie,3053,8,0.7763,0.7779,0.0758,0.7145,0.8413,0.7756,0.777,0.737,0.833,
3C,bin-level Pearson's R (median),RNA-Seq,Shorkie_Random_Init,3053,8,0.703,0.7153,0.062,0.6635,0.7671,0.7022,0.7038,0.6644,0.7867,
3C,bin-level Pearson's R (median),RNA-Seq,Shorkie_Random_Init_untuned,3053,8,0.6664,0.6745,0.0515,0.6315,0.7176,0.6657,0.6671,0.6287,0.7246,
3C,DELTA Shorkie - Shorkie_Random_Init,RNA-Seq,Shorkie_minus_Shorkie_Random_Init,3053,8,0.0626,0.0626,0.0419,0.0276,0.0977,,,,,0.01562
3C,DELTA Shorkie - Shorkie_Random_Init_untuned,RNA-Seq,Shorkie_minus_Shorkie_Random_Init_untuned,3053,8,0.1034,0.1034,0.0448,0.0659,0.1409,,,,,0.00781
3C,bin-level Pearson's R (median),1000 strains RNA-Seq,Shorkie,1014,8,0.6294,0.5804,0.1675,0.4404,0.7204,0.6251,0.6336,0.4267,0.7053,
3C,bin-level Pearson's R (median),1000 strains RNA-Seq,Shorkie_Random_Init,1014,8,0.5793,0.5381,0.1449,0.417,0.6593,0.5744,0.5825,0.3892,0.6439,
3C,bin-level Pearson's R (median),1000 strains RNA-Seq,Shorkie_Random_Init_untuned,1014,8,0.5358,0.5005,0.1267,0.3946,0.6064,0.5312,0.5389,0.3859,0.5933,
3C,DELTA Shorkie - Shorkie_Random_Init,1000 strains RNA-Seq,Shorkie_minus_Shorkie_Random_Init,1014,8,0.0423,0.0423,0.0265,0.0201,0.0644,,,,,0.00781
3C,DELTA Shorkie - Shorkie_Random_Init_untuned,1000 strains RNA-Seq,Shorkie_minus_Shorkie_Random_Init_untuned,1014,8,0.0799,0.0799,0.0436,0.0434,0.1164,,,,,0.00781
3C,bin-level Pearson's R (median),ChIP-MNase,Shorkie,20,8,0.4455,0.4374,0.0317,0.4108,0.4639,0.3917,0.5273,0.3816,0.5327,
3C,bin-level Pearson's R (median),ChIP-MNase,Shorkie_Random_Init,20,8,0.4241,0.432,0.0299,0.407,0.457,0.3707,0.5075,0.3631,0.5124,
3C,bin-level Pearson's R (median),ChIP-MNase,Shorkie_Random_Init_untuned,20,8,0.3822,0.3684,0.0402,0.3348,0.4021,0.3296,0.4618,0.3149,0.4708,
3C,DELTA Shorkie - Shorkie_Random_Init,ChIP-MNase,Shorkie_minus_Shorkie_Random_Init,20,8,0.0054,0.0054,0.0468,-0.0338,0.0445,,,,,0.64062
3C,DELTA Shorkie - Shorkie_Random_Init_untuned,ChIP-MNase,Shorkie_minus_Shorkie_Random_Init_untuned,20,8,0.0689,0.0689,0.059,0.0196,0.1182,,,,,0.01562
3C,bin-level Pearson's R (median),ChIP-exo,Shorkie,1128,8,0.3563,0.3503,0.0217,0.3322,0.3684,0.3428,0.3652,0.3312,0.3711,
3C,bin-level Pearson's R (median),ChIP-exo,Shorkie_Random_Init,1128,8,0.3148,0.3114,0.0195,0.2951,0.3277,0.3046,0.3235,0.2956,0.3312,
3C,bin-level Pearson's R (median),ChIP-exo,Shorkie_Random_Init_untuned,1128,8,0.2562,0.2552,0.0237,0.2355,0.275,0.247,0.2651,0.238,0.2786,
3C,DELTA Shorkie - Shorkie_Random_Init,ChIP-exo,Shorkie_minus_Shorkie_Random_Init,1128,8,0.0389,0.0389,0.0209,0.0215,0.0563,,,,,0.00781
3C,DELTA Shorkie - Shorkie_Random_Init_untuned,ChIP-exo,Shorkie_minus_Shorkie_Random_Init_untuned,1128,8,0.0951,0.0951,0.0324,0.068,0.1221,,,,,0.00781
3D,bin-level Pearson's R (mean),RNA-Seq,Shorkie,3053,8,0.7774,0.7774,0.0719,0.7173,0.8376,0.7766,0.7782,0.7327,0.8268,
3D,bin-level Pearson's R (mean),RNA-Seq,Shorkie_Random_Init,3053,8,0.7145,0.7145,0.0604,0.664,0.765,0.7136,0.7152,0.6781,0.754,
3D,bin-level Pearson's R (mean),RNA-Seq,Shorkie_Random_Init_untuned,3053,8,0.6738,0.6738,0.0497,0.6322,0.7153,0.6729,0.6745,0.6428,0.708,
3D,DELTA Shorkie - Shorkie_Random_Init,RNA-Seq,Shorkie_minus_Shorkie_Random_Init,3053,8,0.0629,0.0629,0.0402,0.0293,0.0966,,,,,0.00781
3D,DELTA Shorkie - Shorkie_Random_Init_untuned,RNA-Seq,Shorkie_minus_Shorkie_Random_Init_untuned,3053,8,0.1037,0.1037,0.0434,0.0674,0.1399,,,,,0.00781
3D,bin-level Pearson's R (mean),1000 strains RNA-Seq,Shorkie,1014,8,0.5728,0.5728,0.1557,0.4426,0.7029,0.5701,0.5754,0.4715,0.667,
3D,bin-level Pearson's R (mean),1000 strains RNA-Seq,Shorkie_Random_Init,1014,8,0.5316,0.5316,0.1348,0.4189,0.6442,0.529,0.534,0.4379,0.6128,
3D,bin-level Pearson's R (mean),1000 strains RNA-Seq,Shorkie_Random_Init_untuned,1014,8,0.4943,0.4943,0.1181,0.3956,0.593,0.4918,0.4967,0.4142,0.5686,
3D,DELTA Shorkie - Shorkie_Random_Init,1000 strains RNA-Seq,Shorkie_minus_Shorkie_Random_Init,1014,8,0.0412,0.0412,0.025,0.0203,0.0621,,,,,0.00781
3D,DELTA Shorkie - Shorkie_Random_Init_untuned,1000 strains RNA-Seq,Shorkie_minus_Shorkie_Random_Init_untuned,1014,8,0.0785,0.0785,0.0406,0.0445,0.1124,,,,,0.00781
3E,gene-level Pearson's R,RNA-Seq,Shorkie,3053,8,0.8797,0.8797,0.0146,0.8675,0.8919,0.8795,0.8799,0.8695,0.8882,
3E,gene-level Pearson's R,RNA-Seq,Shorkie_Random_Init,3053,8,0.8009,0.8009,0.0173,0.7865,0.8153,0.8006,0.8012,0.7899,0.8124,
3E,gene-level Pearson's R,RNA-Seq,Shorkie_Random_Init_untuned,3053,8,0.7425,0.7425,0.0207,0.7253,0.7598,0.7421,0.743,0.7293,0.7564,
3E,DELTA Shorkie - Shorkie_Random_Init,RNA-Seq,Shorkie_minus_Shorkie_Random_Init,3053,8,0.0788,0.0788,0.0129,0.068,0.0896,,,,,0.00781
3E,DELTA Shorkie - Shorkie_Random_Init_untuned,RNA-Seq,Shorkie_minus_Shorkie_Random_Init_untuned,3053,8,0.1371,0.1371,0.0181,0.122,0.1522,,,,,0.00781
3E,gene-level Pearson's R,1000-RNA-seq,Shorkie,1014,8,0.899,0.899,0.0122,0.8887,0.9092,0.8982,0.8997,0.8917,0.9069,
3E,gene-level Pearson's R,1000-RNA-seq,Shorkie_Random_Init,1014,8,0.8523,0.8523,0.0172,0.8379,0.8667,0.8513,0.8533,0.841,0.8635,
3E,gene-level Pearson's R,1000-RNA-seq,Shorkie_Random_Init_untuned,1014,8,0.8151,0.8151,0.0142,0.8032,0.827,0.8139,0.8164,0.806,0.8245,
3E,DELTA Shorkie - Shorkie_Random_Init,1000-RNA-seq,Shorkie_minus_Shorkie_Random_Init,1014,8,0.0467,0.0467,0.0135,0.0354,0.0579,,,,,0.00781
3E,DELTA Shorkie - Shorkie_Random_Init_untuned,1000-RNA-seq,Shorkie_minus_Shorkie_Random_Init_untuned,1014,8,0.0838,0.0838,0.0113,0.0744,0.0933,,,,,0.00781
3F,gene-level Pearson's R (quantile-normalised),RNA-Seq,Shorkie,3053,8,0.3808,0.382,0.0398,0.3487,0.4152,0.3759,0.3859,0.3547,0.4071,
3F,gene-level Pearson's R (quantile-normalised),RNA-Seq,Shorkie_Random_Init,3053,8,0.3558,0.3561,0.0131,0.3451,0.3671,0.351,0.3606,0.3459,0.3654,
3F,gene-level Pearson's R (quantile-normalised),RNA-Seq,Shorkie_Random_Init_untuned,3053,8,0.3094,0.3104,0.0251,0.2893,0.3314,0.3052,0.3138,0.2893,0.3248,
3F,DELTA Shorkie - Shorkie_Random_Init,RNA-Seq,Shorkie_minus_Shorkie_Random_Init,3053,8,0.0259,0.0259,0.0447,-0.0115,0.0633,,,,,0.14844
3F,DELTA Shorkie - Shorkie_Random_Init_untuned,RNA-Seq,Shorkie_minus_Shorkie_Random_Init_untuned,3053,8,0.0716,0.0716,0.0437,0.0351,0.1081,,,,,0.01562
3F,gene-level Pearson's R (quantile-normalised),1000-RNA-seq,Shorkie,1014,8,0.2828,0.2882,0.0513,0.2453,0.3312,0.2757,0.2899,0.2458,0.3148,
3F,gene-level Pearson's R (quantile-normalised),1000-RNA-seq,Shorkie_Random_Init,1014,8,0.2827,0.2902,0.0511,0.2475,0.3329,0.2752,0.2903,0.2501,0.3181,
3F,gene-level Pearson's R (quantile-normalised),1000-RNA-seq,Shorkie_Random_Init_untuned,1014,8,0.1815,0.1906,0.0461,0.1521,0.2292,0.1761,0.1873,0.15,0.2147,
3F,DELTA Shorkie - Shorkie_Random_Init,1000-RNA-seq,Shorkie_minus_Shorkie_Random_Init,1014,8,-0.0019,-0.0019,0.0607,-0.0527,0.0488,,,,,0.84375
3F,DELTA Shorkie - Shorkie_Random_Init_untuned,1000-RNA-seq,Shorkie_minus_Shorkie_Random_Init_untuned,1014,8,0.0976,0.0976,0.0604,0.0471,0.1481,,,,,0.00781
3G,within-gene Pearson's R,RNA-Seq,Shorkie,3958,8,0.7418,0.7417,0.0146,0.7295,0.7539,0.7354,0.7484,0.7304,0.7531,
3G,within-gene Pearson's R,RNA-Seq,Shorkie_Random_Init,3958,8,0.615,0.6151,0.0301,0.59,0.6403,0.6072,0.6227,0.5966,0.6331,
3G,within-gene Pearson's R,RNA-Seq,Shorkie_Random_Init_untuned,3958,8,0.5016,0.5007,0.0226,0.4817,0.5196,0.4937,0.5096,0.4878,0.516,
3G,DELTA Shorkie - Shorkie_Random_Init,RNA-Seq,Shorkie_minus_Shorkie_Random_Init,3958,8,0.1266,0.1266,0.0328,0.0991,0.154,,,,,0.00781
3G,DELTA Shorkie - Shorkie_Random_Init_untuned,RNA-Seq,Shorkie_minus_Shorkie_Random_Init_untuned,3958,8,0.2411,0.2411,0.0165,0.2272,0.2549,,,,,0.00781
3G,within-gene Pearson's R,1000-RNA-seq,Shorkie,4481,8,0.6021,0.6023,0.0159,0.589,0.6156,0.595,0.6093,0.59,0.6142,
3G,within-gene Pearson's R,1000-RNA-seq,Shorkie_Random_Init,4481,8,0.4747,0.4745,0.0166,0.4606,0.4884,0.4668,0.4823,0.462,0.4874,
3G,within-gene Pearson's R,1000-RNA-seq,Shorkie_Random_Init_untuned,4481,8,0.3723,0.3709,0.021,0.3534,0.3884,0.3653,0.3794,0.3597,0.3848,
3G,DELTA Shorkie - Shorkie_Random_Init,1000-RNA-seq,Shorkie_minus_Shorkie_Random_Init,4481,8,0.1278,0.1278,0.0217,0.1097,0.1459,,,,,0.00781
3G,DELTA Shorkie - Shorkie_Random_Init_untuned,1000-RNA-seq,Shorkie_minus_Shorkie_Random_Init_untuned,4481,8,0.2314,0.2314,0.0273,0.2085,0.2542,,,,,0.00781
