panel,track_type,model,fold,value
3C,RNA-Seq,Shorkie,0,0.7482
3C,RNA-Seq,Shorkie,1,0.7603
3C,RNA-Seq,Shorkie,2,0.6518
3C,RNA-Seq,Shorkie,3,0.7967
3C,RNA-Seq,Shorkie,4,0.8332
3C,RNA-Seq,Shorkie,5,0.7874
3C,RNA-Seq,Shorkie,6,0.7346
3C,RNA-Seq,Shorkie,7,0.9113
3C,RNA-Seq,Shorkie_Random_Init,0,0.7043
3C,RNA-Seq,Shorkie_Random_Init,1,0.6636
3C,RNA-Seq,Shorkie_Random_Init,2,0.6558
3C,RNA-Seq,Shorkie_Random_Init,3,0.7418
3C,RNA-Seq,Shorkie_Random_Init,4,0.7883
3C,RNA-Seq,Shorkie_Random_Init,5,0.6569
3C,RNA-Seq,Shorkie_Random_Init,6,0.6935
3C,RNA-Seq,Shorkie_Random_Init,7,0.8183
3C,RNA-Seq,Shorkie_Random_Init_untuned,0,0.6592
3C,RNA-Seq,Shorkie_Random_Init_untuned,1,0.6131
3C,RNA-Seq,Shorkie_Random_Init_untuned,2,0.6266
3C,RNA-Seq,Shorkie_Random_Init_untuned,3,0.6607
3C,RNA-Seq,Shorkie_Random_Init_untuned,4,0.7072
3C,RNA-Seq,Shorkie_Random_Init_untuned,5,0.7265
3C,RNA-Seq,Shorkie_Random_Init_untuned,6,0.6432
3C,RNA-Seq,Shorkie_Random_Init_untuned,7,0.7598
3C,1000 strains RNA-Seq,Shorkie,0,0.672
3C,1000 strains RNA-Seq,Shorkie,1,0.6621
3C,1000 strains RNA-Seq,Shorkie,2,0.3886
3C,1000 strains RNA-Seq,Shorkie,3,0.732
3C,1000 strains RNA-Seq,Shorkie,4,0.7336
3C,1000 strains RNA-Seq,Shorkie,5,0.4729
3C,1000 strains RNA-Seq,Shorkie,6,0.6789
3C,1000 strains RNA-Seq,Shorkie,7,0.3032
3C,1000 strains RNA-Seq,Shorkie_Random_Init,0,0.6208
3C,1000 strains RNA-Seq,Shorkie_Random_Init,1,0.603
3C,1000 strains RNA-Seq,Shorkie_Random_Init,2,0.3879
3C,1000 strains RNA-Seq,Shorkie_Random_Init,3,0.6802
3C,1000 strains RNA-Seq,Shorkie_Random_Init,4,0.648
3C,1000 strains RNA-Seq,Shorkie_Random_Init,5,0.4432
3C,1000 strains RNA-Seq,Shorkie_Random_Init,6,0.6345
3C,1000 strains RNA-Seq,Shorkie_Random_Init,7,0.2875
3C,1000 strains RNA-Seq,Shorkie_Random_Init_untuned,0,0.5793
3C,1000 strains RNA-Seq,Shorkie_Random_Init_untuned,1,0.5574
3C,1000 strains RNA-Seq,Shorkie_Random_Init_untuned,2,0.3554
3C,1000 strains RNA-Seq,Shorkie_Random_Init_untuned,3,0.6277
3C,1000 strains RNA-Seq,Shorkie_Random_Init_untuned,4,0.5874
3C,1000 strains RNA-Seq,Shorkie_Random_Init_untuned,5,0.4281
3C,1000 strains RNA-Seq,Shorkie_Random_Init_untuned,6,0.583
3C,1000 strains RNA-Seq,Shorkie_Random_Init_untuned,7,0.2857
3C,ChIP-MNase,Shorkie,0,0.4725
3C,ChIP-MNase,Shorkie,1,0.3834
3C,ChIP-MNase,Shorkie,2,0.4011
3C,ChIP-MNase,Shorkie,3,0.4443
3C,ChIP-MNase,Shorkie,4,0.454
3C,ChIP-MNase,Shorkie,5,0.4287
3C,ChIP-MNase,Shorkie,6,0.4437
3C,ChIP-MNase,Shorkie,7,0.4712
3C,ChIP-MNase,Shorkie_Random_Init,0,0.4103
3C,ChIP-MNase,Shorkie_Random_Init,1,0.4162
3C,ChIP-MNase,Shorkie_Random_Init,2,0.4334
3C,ChIP-MNase,Shorkie_Random_Init,3,0.4093
3C,ChIP-MNase,Shorkie_Random_Init,4,0.4084
3C,ChIP-MNase,Shorkie_Random_Init,5,0.4941
3C,ChIP-MNase,Shorkie_Random_Init,6,0.456
3C,ChIP-MNase,Shorkie_Random_Init,7,0.4281
3C,ChIP-MNase,Shorkie_Random_Init_untuned,0,0.3964
3C,ChIP-MNase,Shorkie_Random_Init_untuned,1,0.3912
3C,ChIP-MNase,Shorkie_Random_Init_untuned,2,0.3884
3C,ChIP-MNase,Shorkie_Random_Init_untuned,3,0.3463
3C,ChIP-MNase,Shorkie_Random_Init_untuned,4,0.2803
3C,ChIP-MNase,Shorkie_Random_Init_untuned,5,0.4043
3C,ChIP-MNase,Shorkie_Random_Init_untuned,6,0.3761
3C,ChIP-MNase,Shorkie_Random_Init_untuned,7,0.3646
3C,ChIP-exo,Shorkie,0,0.3548
3C,ChIP-exo,Shorkie,1,0.323
3C,ChIP-exo,Shorkie,2,0.3113
3C,ChIP-exo,Shorkie,3,0.3507
3C,ChIP-exo,Shorkie,4,0.3649
3C,ChIP-exo,Shorkie,5,0.3715
3C,ChIP-exo,Shorkie,6,0.3616
3C,ChIP-exo,Shorkie,7,0.3645
3C,ChIP-exo,Shorkie_Random_Init,0,0.2946
3C,ChIP-exo,Shorkie_Random_Init,1,0.3207
3C,ChIP-exo,Shorkie_Random_Init,2,0.2843
3C,ChIP-exo,Shorkie_Random_Init,3,0.2994
3C,ChIP-exo,Shorkie_Random_Init,4,0.3139
3C,ChIP-exo,Shorkie_Random_Init,5,0.3328
3C,ChIP-exo,Shorkie_Random_Init,6,0.3413
3C,ChIP-exo,Shorkie_Random_Init,7,0.3042
3C,ChIP-exo,Shorkie_Random_Init_untuned,0,0.2532
3C,ChIP-exo,Shorkie_Random_Init_untuned,1,0.2748
3C,ChIP-exo,Shorkie_Random_Init_untuned,2,0.2455
3C,ChIP-exo,Shorkie_Random_Init_untuned,3,0.2419
3C,ChIP-exo,Shorkie_Random_Init_untuned,4,0.2123
3C,ChIP-exo,Shorkie_Random_Init_untuned,5,0.2745
3C,ChIP-exo,Shorkie_Random_Init_untuned,6,0.2874
3C,ChIP-exo,Shorkie_Random_Init_untuned,7,0.2524
3D,RNA-Seq,Shorkie,0,0.7447
3D,RNA-Seq,Shorkie,1,0.7634
3D,RNA-Seq,Shorkie,2,0.6645
3D,RNA-Seq,Shorkie,3,0.7931
3D,RNA-Seq,Shorkie,4,0.8307
3D,RNA-Seq,Shorkie,5,0.7844
3D,RNA-Seq,Shorkie,6,0.7311
3D,RNA-Seq,Shorkie,7,0.9075
3D,RNA-Seq,Shorkie_Random_Init,0,0.6992
3D,RNA-Seq,Shorkie_Random_Init,1,0.664
3D,RNA-Seq,Shorkie_Random_Init,2,0.6641
3D,RNA-Seq,Shorkie_Random_Init,3,0.7391
3D,RNA-Seq,Shorkie_Random_Init,4,0.7856
3D,RNA-Seq,Shorkie_Random_Init,5,0.6567
3D,RNA-Seq,Shorkie_Random_Init,6,0.6896
3D,RNA-Seq,Shorkie_Random_Init,7,0.8174
3D,RNA-Seq,Shorkie_Random_Init_untuned,0,0.6556
3D,RNA-Seq,Shorkie_Random_Init_untuned,1,0.6156
3D,RNA-Seq,Shorkie_Random_Init_untuned,2,0.6349
3D,RNA-Seq,Shorkie_Random_Init_untuned,3,0.6595
3D,RNA-Seq,Shorkie_Random_Init_untuned,4,0.7014
3D,RNA-Seq,Shorkie_Random_Init_untuned,5,0.7241
3D,RNA-Seq,Shorkie_Random_Init_untuned,6,0.6391
3D,RNA-Seq,Shorkie_Random_Init_untuned,7,0.7598
3D,1000 strains RNA-Seq,Shorkie,0,0.6654
3D,1000 strains RNA-Seq,Shorkie,1,0.6488
3D,1000 strains RNA-Seq,Shorkie,2,0.3968
3D,1000 strains RNA-Seq,Shorkie,3,0.7188
3D,1000 strains RNA-Seq,Shorkie,4,0.6963
3D,1000 strains RNA-Seq,Shorkie,5,0.4757
3D,1000 strains RNA-Seq,Shorkie,6,0.67
3D,1000 strains RNA-Seq,Shorkie,7,0.3103
3D,1000 strains RNA-Seq,Shorkie_Random_Init,0,0.6105
3D,1000 strains RNA-Seq,Shorkie_Random_Init,1,0.5929
3D,1000 strains RNA-Seq,Shorkie_Random_Init,2,0.3954
3D,1000 strains RNA-Seq,Shorkie_Random_Init,3,0.6703
3D,1000 strains RNA-Seq,Shorkie_Random_Init,4,0.6163
3D,1000 strains RNA-Seq,Shorkie_Random_Init,5,0.4455
3D,1000 strains RNA-Seq,Shorkie_Random_Init,6,0.6264
3D,1000 strains RNA-Seq,Shorkie_Random_Init,7,0.2954
3D,1000 strains RNA-Seq,Shorkie_Random_Init_untuned,0,0.5718
3D,1000 strains RNA-Seq,Shorkie_Random_Init_untuned,1,0.5475
3D,1000 strains RNA-Seq,Shorkie_Random_Init_untuned,2,0.3621
3D,1000 strains RNA-Seq,Shorkie_Random_Init_untuned,3,0.6176
3D,1000 strains RNA-Seq,Shorkie_Random_Init_untuned,4,0.5585
3D,1000 strains RNA-Seq,Shorkie_Random_Init_untuned,5,0.4295
3D,1000 strains RNA-Seq,Shorkie_Random_Init_untuned,6,0.5758
3D,1000 strains RNA-Seq,Shorkie_Random_Init_untuned,7,0.2916
3E,RNA-Seq,Shorkie,0,0.8963
3E,RNA-Seq,Shorkie,1,0.8777
3E,RNA-Seq,Shorkie,2,0.8729
3E,RNA-Seq,Shorkie,3,0.8757
3E,RNA-Seq,Shorkie,4,0.8864
3E,RNA-Seq,Shorkie,5,0.8945
3E,RNA-Seq,Shorkie,6,0.8838
3E,RNA-Seq,Shorkie,7,0.8502
3E,RNA-Seq,Shorkie_Random_Init,0,0.8022
3E,RNA-Seq,Shorkie_Random_Init,1,0.8046
3E,RNA-Seq,Shorkie_Random_Init,2,0.7826
3E,RNA-Seq,Shorkie_Random_Init,3,0.8054
3E,RNA-Seq,Shorkie_Random_Init,4,0.7894
3E,RNA-Seq,Shorkie_Random_Init,5,0.8315
3E,RNA-Seq,Shorkie_Random_Init,6,0.8131
3E,RNA-Seq,Shorkie_Random_Init,7,0.7785
3E,RNA-Seq,Shorkie_Random_Init_untuned,0,0.7514
3E,RNA-Seq,Shorkie_Random_Init_untuned,1,0.7545
3E,RNA-Seq,Shorkie_Random_Init_untuned,2,0.7097
3E,RNA-Seq,Shorkie_Random_Init_untuned,3,0.7257
3E,RNA-Seq,Shorkie_Random_Init_untuned,4,0.7386
3E,RNA-Seq,Shorkie_Random_Init_untuned,5,0.7794
3E,RNA-Seq,Shorkie_Random_Init_untuned,6,0.7441
3E,RNA-Seq,Shorkie_Random_Init_untuned,7,0.737
3E,1000-RNA-seq,Shorkie,0,0.9196
3E,1000-RNA-seq,Shorkie,1,0.8892
3E,1000-RNA-seq,Shorkie,2,0.885
3E,1000-RNA-seq,Shorkie,3,0.9114
3E,1000-RNA-seq,Shorkie,4,0.904
3E,1000-RNA-seq,Shorkie,5,0.893
3E,1000-RNA-seq,Shorkie,6,0.9011
3E,1000-RNA-seq,Shorkie,7,0.8884
3E,1000-RNA-seq,Shorkie_Random_Init,0,0.8643
3E,1000-RNA-seq,Shorkie_Random_Init,1,0.8414
3E,1000-RNA-seq,Shorkie_Random_Init,2,0.8336
3E,1000-RNA-seq,Shorkie_Random_Init,3,0.8729
3E,1000-RNA-seq,Shorkie_Random_Init,4,0.8399
3E,1000-RNA-seq,Shorkie_Random_Init,5,0.8719
3E,1000-RNA-seq,Shorkie_Random_Init,6,0.8621
3E,1000-RNA-seq,Shorkie_Random_Init,7,0.8324
3E,1000-RNA-seq,Shorkie_Random_Init_untuned,0,0.8398
3E,1000-RNA-seq,Shorkie_Random_Init_untuned,1,0.8139
3E,1000-RNA-seq,Shorkie_Random_Init_untuned,2,0.7983
3E,1000-RNA-seq,Shorkie_Random_Init_untuned,3,0.8238
3E,1000-RNA-seq,Shorkie_Random_Init_untuned,4,0.7984
3E,1000-RNA-seq,Shorkie_Random_Init_untuned,5,0.8259
3E,1000-RNA-seq,Shorkie_Random_Init_untuned,6,0.8129
3E,1000-RNA-seq,Shorkie_Random_Init_untuned,7,0.8079
3F,RNA-Seq,Shorkie,0,0.4081
3F,RNA-Seq,Shorkie,1,0.3075
3F,RNA-Seq,Shorkie,2,0.3619
3F,RNA-Seq,Shorkie,3,0.4301
3F,RNA-Seq,Shorkie,4,0.3829
3F,RNA-Seq,Shorkie,5,0.3523
3F,RNA-Seq,Shorkie,6,0.4011
3F,RNA-Seq,Shorkie,7,0.4117
3F,RNA-Seq,Shorkie_Random_Init,0,0.3395
3F,RNA-Seq,Shorkie_Random_Init,1,0.3703
3F,RNA-Seq,Shorkie_Random_Init,2,0.3369
3F,RNA-Seq,Shorkie_Random_Init,3,0.3647
3F,RNA-Seq,Shorkie_Random_Init,4,0.3482
3F,RNA-Seq,Shorkie_Random_Init,5,0.3677
3F,RNA-Seq,Shorkie_Random_Init,6,0.3654
3F,RNA-Seq,Shorkie_Random_Init,7,0.3561
3F,RNA-Seq,Shorkie_Random_Init_untuned,0,0.3271
3F,RNA-Seq,Shorkie_Random_Init_untuned,1,0.3205
3F,RNA-Seq,Shorkie_Random_Init_untuned,2,0.3006
3F,RNA-Seq,Shorkie_Random_Init_untuned,3,0.3369
3F,RNA-Seq,Shorkie_Random_Init_untuned,4,0.2548
3F,RNA-Seq,Shorkie_Random_Init_untuned,5,0.3151
3F,RNA-Seq,Shorkie_Random_Init_untuned,6,0.3211
3F,RNA-Seq,Shorkie_Random_Init_untuned,7,0.3069
3F,1000-RNA-seq,Shorkie,0,0.339
3F,1000-RNA-seq,Shorkie,1,0.1846
3F,1000-RNA-seq,Shorkie,2,0.2955
3F,1000-RNA-seq,Shorkie,3,0.3341
3F,1000-RNA-seq,Shorkie,4,0.3145
3F,1000-RNA-seq,Shorkie,5,0.248
3F,1000-RNA-seq,Shorkie,6,0.2784
3F,1000-RNA-seq,Shorkie,7,0.3119
3F,1000-RNA-seq,Shorkie_Random_Init,0,0.3106
3F,1000-RNA-seq,Shorkie_Random_Init,1,0.222
3F,1000-RNA-seq,Shorkie_Random_Init,2,0.271
3F,1000-RNA-seq,Shorkie_Random_Init,3,0.3188
3F,1000-RNA-seq,Shorkie_Random_Init,4,0.3235
3F,1000-RNA-seq,Shorkie_Random_Init,5,0.3722
3F,1000-RNA-seq,Shorkie_Random_Init,6,0.2766
3F,1000-RNA-seq,Shorkie_Random_Init,7,0.2268
3F,1000-RNA-seq,Shorkie_Random_Init_untuned,0,0.2595
3F,1000-RNA-seq,Shorkie_Random_Init_untuned,1,0.173
3F,1000-RNA-seq,Shorkie_Random_Init_untuned,2,0.2488
3F,1000-RNA-seq,Shorkie_Random_Init_untuned,3,0.203
3F,1000-RNA-seq,Shorkie_Random_Init_untuned,4,0.1487
3F,1000-RNA-seq,Shorkie_Random_Init_untuned,5,0.2037
3F,1000-RNA-seq,Shorkie_Random_Init_untuned,6,0.1489
3F,1000-RNA-seq,Shorkie_Random_Init_untuned,7,0.1394
3G,RNA-Seq,Shorkie,0,0.7654
3G,RNA-Seq,Shorkie,1,0.731
3G,RNA-Seq,Shorkie,2,0.7236
3G,RNA-Seq,Shorkie,3,0.7477
3G,RNA-Seq,Shorkie,4,0.7274
3G,RNA-Seq,Shorkie,5,0.7351
3G,RNA-Seq,Shorkie,6,0.7507
3G,RNA-Seq,Shorkie,7,0.7529
3G,RNA-Seq,Shorkie_Random_Init,0,0.6152
3G,RNA-Seq,Shorkie_Random_Init,1,0.6228
3G,RNA-Seq,Shorkie_Random_Init,2,0.6549
3G,RNA-Seq,Shorkie_Random_Init,3,0.6192
3G,RNA-Seq,Shorkie_Random_Init,4,0.5976
3G,RNA-Seq,Shorkie_Random_Init,5,0.553
3G,RNA-Seq,Shorkie_Random_Init,6,0.6375
3G,RNA-Seq,Shorkie_Random_Init,7,0.6208
3G,RNA-Seq,Shorkie_Random_Init_untuned,0,0.514
3G,RNA-Seq,Shorkie_Random_Init_untuned,1,0.5104
3G,RNA-Seq,Shorkie_Random_Init_untuned,2,0.4843
3G,RNA-Seq,Shorkie_Random_Init_untuned,3,0.5116
3G,RNA-Seq,Shorkie_Random_Init_untuned,4,0.4559
3G,RNA-Seq,Shorkie_Random_Init_untuned,5,0.497
3G,RNA-Seq,Shorkie_Random_Init_untuned,6,0.5014
3G,RNA-Seq,Shorkie_Random_Init_untuned,7,0.5308
3G,1000-RNA-seq,Shorkie,0,0.6066
3G,1000-RNA-seq,Shorkie,1,0.589
3G,1000-RNA-seq,Shorkie,2,0.5781
3G,1000-RNA-seq,Shorkie,3,0.6046
3G,1000-RNA-seq,Shorkie,4,0.6041
3G,1000-RNA-seq,Shorkie,5,0.5905
3G,1000-RNA-seq,Shorkie,6,0.6239
3G,1000-RNA-seq,Shorkie,7,0.6215
3G,1000-RNA-seq,Shorkie_Random_Init,0,0.4521
3G,1000-RNA-seq,Shorkie_Random_Init,1,0.4634
3G,1000-RNA-seq,Shorkie_Random_Init,2,0.4817
3G,1000-RNA-seq,Shorkie_Random_Init,3,0.4659
3G,1000-RNA-seq,Shorkie_Random_Init,4,0.4599
3G,1000-RNA-seq,Shorkie_Random_Init,5,0.4936
3G,1000-RNA-seq,Shorkie_Random_Init,6,0.4811
3G,1000-RNA-seq,Shorkie_Random_Init,7,0.4982
3G,1000-RNA-seq,Shorkie_Random_Init_untuned,0,0.3853
3G,1000-RNA-seq,Shorkie_Random_Init_untuned,1,0.3652
3G,1000-RNA-seq,Shorkie_Random_Init_untuned,2,0.3818
3G,1000-RNA-seq,Shorkie_Random_Init_untuned,3,0.3696
3G,1000-RNA-seq,Shorkie_Random_Init_untuned,4,0.323
3G,1000-RNA-seq,Shorkie_Random_Init_untuned,5,0.3894
3G,1000-RNA-seq,Shorkie_Random_Init_untuned,6,0.3793
3G,1000-RNA-seq,Shorkie_Random_Init_untuned,7,0.3737
