motif,width,threshold,hits,hits_per_window,kept
MSN4,5,8.796,1606,4.045,True
RGM1,5,8.717,1606,4.045,True
cons_TATA,6,8.669,335,0.844,True
GLN3,5,8.694,226,0.569,True
USV1,5,11.014,159,0.401,True
NSI1,6,11.564,113,0.285,True
SDD4,7,10.354,73,0.184,True
AZF1,9,12.722,68,0.171,True
SKN7.2,6,9.653,56,0.141,True
cons_donor,6,10.165,56,0.141,True
BAS1,6,11.923,53,0.134,True
cons_RRPE,11,12.593,48,0.121,True
SPT15,21,10.593,48,0.121,True
GCR1,7,11.457,46,0.116,True
ORC1,17,4.356,44,0.111,True
MATALPHA2,6,9.632,43,0.108,True
cons_PAC,8,11.176,39,0.098,True
RSC3,7,9.977,38,0.096,True
ARO80.1,10,9.508,38,0.096,True
UPC2,7,11.519,37,0.093,True
RAP1,13,10.591,37,0.093,True
CHA4,10,9.689,36,0.091,True
STB5,8,10.586,35,0.088,True
CEP3,8,13.07,34,0.086,True
YRR1,10,9.862,33,0.083,True
SKN7.1,9,10.753,33,0.083,True
STE12,7,11.362,32,0.081,True
HAL9.2,18,11.801,32,0.081,True
GAL4.2,17,11.542,31,0.078,True
ECM22.1,10,8.258,30,0.076,True
PHO2,10,10.351,30,0.076,True
SWI5,8,11.562,29,0.073,True
UME6,10,9.719,29,0.073,True
YAP3.1,7,13.484,29,0.073,True
FKH2,20,12.044,28,0.071,True
GAL4.1,10,9.111,28,0.071,True
MAC1,8,11.151,28,0.071,True
SUM1.1,9,11.4,28,0.071,True
AFT2,6,11.865,27,0.068,True
CST6,9,11.294,27,0.068,True
HAL9.1,10,8.887,27,0.068,True
cons_branch,7,11.516,27,0.068,True
STP1,8,11.814,27,0.068,True
PDR1,8,11.805,26,0.065,True
MCM1,20,11.934,26,0.065,True
YRM1,21,11.374,26,0.065,True
ARG81,9,11.27,26,0.065,True
DOT6,10,10.729,26,0.065,True
ROX1,8,10.279,25,0.063,True
HAP4,15,11.102,25,0.063,True
RDS1,7,12.249,25,0.063,True
HAC1,12,10.985,25,0.063,True
MIG3,10,8.689,25,0.063,True
FHL1,10,8.064,25,0.063,True
STP2,10,9.392,25,0.063,True
TDA9,10,9.336,25,0.063,True
MIG1,10,8.935,25,0.063,True
ARO80.2,13,11.587,25,0.063,True
RGT1,10,11.362,24,0.06,True
YHP1,8,10.659,24,0.06,True
ABF1,18,11.828,24,0.06,True
EDS1,11,12.261,24,0.06,True
CIN5,8,11.939,24,0.06,True
AFT1,7,11.753,24,0.06,True
UGA3,10,12.222,23,0.058,True
YKL222C,10,8.861,23,0.058,True
SOK2,8,9.924,23,0.058,True
HCM1,8,10.711,23,0.058,True
CBF1,8,10.383,22,0.055,True
TBS1.2,8,11.649,22,0.055,True
CRZ1,9,11.742,22,0.055,True
RSF2,9,11.608,22,0.055,True
RPN4,12,11.598,22,0.055,True
RIM101,7,8.798,22,0.055,True
YAP5,11,12.183,22,0.055,True
NDT80,10,10.016,21,0.053,True
TYE7,9,10.922,21,0.053,True
MSN1.2,8,11.508,21,0.053,True
YAP7.1,12,12.242,21,0.053,True
TEC1,20,10.751,21,0.053,True
URC2,10,12.208,21,0.053,True
CUP9,10,10.854,21,0.053,True
YAP7.2,8,11.95,20,0.05,True
CAD1.2,11,11.785,20,0.05,True
SUM1.2,11,10.764,20,0.05,True
GIS1,9,12.362,20,0.05,True
SFP1,21,11.683,20,0.05,True
GZF3,10,8.623,20,0.05,True
DAL82,10,11.394,20,0.05,True
THI2,20,10.432,20,0.05,True
REB1,13,10.784,20,0.05,True
HAP1,13,10.731,20,0.05,True
MIG2,10,9.487,19,0.048,True
PHD1.1,10,10.311,19,0.048,True
RPH1,8,12.525,19,0.048,True
SKO1,8,11.274,19,0.048,True
TOD6,21,10.32,19,0.048,True
LEU3.2,10,11.14,19,0.048,True
MSN2,7,9.531,18,0.045,True
MET32,10,11.083,18,0.045,True
YAP1,10,9.191,18,0.045,True
RDR1,10,9.271,18,0.045,True
YLR278C,9,11.885,18,0.045,True
XBP1,12,11.928,18,0.045,True
COM2,9,12.857,18,0.045,True
INO2,9,10.895,18,0.045,True
ACE2,8,10.51,18,0.045,True
YGR067C,10,11.529,17,0.043,True
PUL4,20,12.04,17,0.043,True
TBF1,10,10.846,17,0.043,True
ECM22.2,18,11.518,17,0.043,True
MBP1,10,10.174,17,0.043,True
STB4,9,11.751,17,0.043,True
LYS14.2,15,8.151,16,0.04,True
YPR196W,21,11.604,16,0.04,True
TOS8,8,11.627,16,0.04,True
YAP6,8,12.029,16,0.04,True
MSN1.1,8,11.292,15,0.038,True
SWI4,8,12.53,15,0.038,True
YAP3.2,8,13.236,15,0.038,True
YOX1,8,12.069,15,0.038,True
CAD1.1,9,11.78,14,0.035,False
GCN4,8,11.149,14,0.035,False
ADR1,7,12.402,13,0.033,False
PHD1.2,8,10.972,13,0.033,False
FKH1,12,11.914,13,0.033,False
GAT1,8,11.405,13,0.033,False
GAT3,10,10.221,13,0.033,False
NRG2,8,11.965,13,0.033,False
MET31,8,9.79,13,0.033,False
CMR3,20,10.466,12,0.03,False
SUT2,10,9.995,12,0.03,False
LEU3.1,10,8.973,12,0.03,False
ZAP1,12,10.482,12,0.03,False
PHO4,10,10.357,12,0.03,False
LYS14.1,20,10.877,11,0.028,False
YPR015C,20,9.282,11,0.028,False
REI1,7,12.381,11,0.028,False
TBS1.1,10,9.58,11,0.028,False
ARO80.3,26,-9.845,10,0.025,False
ECM23,11,10.671,10,0.025,False
STB3,10,11.587,7,0.018,False
NRG1,10,9.998,7,0.018,False
GAT4,11,11.466,5,0.013,False
