motif,n_sites,median_Shorkie,ci_lo_Shorkie,ci_hi_Shorkie,median_Shorkie_Random_Init,ci_lo_Shorkie_Random_Init,ci_hi_Shorkie_Random_Init,median_contrast,contrast_ci_lo,contrast_ci_hi,rank_biserial,wilcoxon_p,favours,wilcoxon_p_holm,significant
cons_branch,27,0.3691,-0.0462,0.6356,-0.2108,-0.3202,0.0176,0.5229,0.1542,0.9087,0.677,0.0013849586248397827,Shorkie,0.16353511810302734,False
cons_TATA,335,0.2161,0.1649,0.292,-0.095,-0.1441,-0.0591,0.4306,0.3351,0.4956,0.592,6.183614607448976e-21,Shorkie,7.482173675013262e-19,True
MSN2,18,-0.0365,-0.2266,0.114,-0.3516,-0.5587,-0.0135,0.3741,-0.0671,0.6631,0.474,0.08142852783203125,Shorkie,1.0,False
RIM101,22,0.0042,-0.1208,0.1876,-0.2224,-0.3546,-0.1672,0.3511,0.0654,0.4635,0.462,0.05869007110595703,Shorkie,1.0,False
cons_PAC,39,0.1186,0.0292,0.5793,0.0423,-0.0234,0.1906,0.3358,-0.0228,0.5421,0.474,0.008947360423917416,Shorkie,1.0,False
MBP1,17,0.1343,0.0128,0.4965,0.0455,-0.2744,0.3643,0.3059,-0.3518,0.6312,0.386,0.17425537109375,Shorkie,1.0,False
STP1,27,-0.0255,-0.1461,0.0365,-0.0877,-0.2838,0.0917,0.291,-0.0485,0.3996,0.185,0.41325296461582184,Shorkie,1.0,False
cons_donor,56,0.2472,-0.013,0.3379,-0.0943,-0.2115,0.0047,0.2796,0.1056,0.5469,0.545,0.00038767962213151973,Shorkie,0.046521554655782366,True
YGR067C,17,0.3306,-0.0349,0.4955,-0.0943,-0.2359,0.3498,0.2572,-0.2767,0.5662,0.281,0.328948974609375,Shorkie,1.0,False
PHO2,30,-0.0009,-0.123,0.1863,-0.1343,-0.2615,0.033,0.2416,-0.1492,0.4736,0.325,0.12413446232676506,Shorkie,1.0,False
CUP9,20,0.1161,-0.0293,0.3669,-0.1085,-0.2571,0.1819,0.2286,-0.2593,0.6772,0.257,0.3299827575683594,Shorkie,1.0,False
DAL82,20,-0.021,-0.2337,0.124,-0.1131,-0.3069,0.1869,0.2152,-0.2648,0.3475,0.105,0.7011814117431641,Shorkie,1.0,False
RSC3,38,0.2258,0.0608,0.4643,-0.1142,-0.2296,-0.0362,0.2149,0.0662,0.5743,0.487,0.007961244446050841,Shorkie,0.9075818668497959,False
ACE2,18,0.0449,-0.1239,0.287,-0.1011,-0.3322,0.4495,0.2078,-0.3338,0.5041,0.088,0.7660293579101562,Shorkie,1.0,False
URC2,21,0.0338,-0.1107,0.1219,-0.0503,-0.1913,0.049,0.2055,-0.145,0.3448,0.325,0.20291709899902344,Shorkie,1.0,False
ORC1,44,0.0617,-0.1007,0.1829,-0.1055,-0.1811,-0.0262,0.1747,-0.0701,0.3989,0.446,0.00911552652132741,Shorkie,1.0,False
INO2,18,0.0387,-0.1025,0.1462,-0.0434,-0.2684,0.1624,0.1692,-0.1695,0.5061,0.287,0.30379486083984375,Shorkie,1.0,False
SUM1.2,20,0.087,-0.1267,0.3515,-0.1226,-0.2456,0.1522,0.1643,-0.1463,0.4965,0.238,0.36827659606933594,Shorkie,1.0,False
SWI5,29,0.0614,-0.1029,0.3019,-0.0624,-0.2056,0.0855,0.161,-0.0858,0.4738,0.292,0.17574355751276016,Shorkie,1.0,False
SOK2,23,0.0089,-0.0897,0.126,-0.1607,-0.2768,0.0278,0.1599,0.0516,0.3581,0.391,0.10454297065734863,Shorkie,1.0,False
SUM1.1,28,-0.0292,-0.2314,0.0913,-0.194,-0.2972,-0.0621,0.1532,-0.2231,0.3695,0.296,0.17823376506567,Shorkie,1.0,False
RAP1,37,0.0567,-0.0956,0.2246,0.0262,-0.1913,0.1524,0.1231,-0.1352,0.5106,0.246,0.19692386346287094,Shorkie,1.0,False
YAP7.2,20,0.0509,-0.3177,0.4068,-0.1245,-0.2362,0.0523,0.1228,-0.2337,0.8149,0.286,0.2773551940917969,Shorkie,1.0,False
ECM22.2,17,-0.1034,-0.2204,0.1986,-0.0303,-0.3386,0.0148,0.1182,-0.0686,0.4449,0.203,0.4873809814453125,Shorkie,1.0,False
SWI4,15,0.0211,-0.1513,0.2606,-0.1417,-0.2444,0.0869,0.1181,-0.0658,0.4992,0.35,0.25238037109375,Shorkie,1.0,False
SFP1,20,-0.0981,-0.1306,0.1578,-0.0301,-0.144,0.0587,0.1161,-0.1226,0.3021,0.4,0.1230926513671875,Shorkie,1.0,False
ARO80.2,25,0.02,-0.2385,0.048,-0.0662,-0.1183,0.039,0.1116,-0.2986,0.1485,-0.052,0.8325093984603882,Shorkie,1.0,False
FKH2,28,-0.0108,-0.0796,0.0772,0.0145,-0.197,0.1483,0.0958,-0.2273,0.2921,-0.025,0.9196710959076881,Shorkie,1.0,False
STB5,35,0.1097,-0.0751,0.2925,0.0316,-0.0742,0.1406,0.0894,-0.1357,0.3375,0.162,0.4128334259730764,Shorkie,1.0,False
SKN7.1,33,0.0154,-0.0833,0.1961,0.0057,-0.0708,0.1021,0.0894,-0.0607,0.1451,0.091,0.6591820653993636,Shorkie,1.0,False
NDT80,21,0.0301,-0.246,0.1399,-0.0936,-0.2691,0.2561,0.0826,-0.1531,0.4206,0.186,0.47333431243896484,Shorkie,1.0,False
YHP1,24,-0.1481,-0.2544,0.0813,-0.0146,-0.3007,0.1605,0.0763,-0.4042,0.3269,-0.087,0.7257407903671265,Shorkie,1.0,False
SPT15,48,-0.0303,-0.1132,0.083,-0.1454,-0.1711,-0.0872,0.0694,-0.0231,0.3882,0.296,0.07500246824307055,Shorkie,1.0,False
AZF1,68,-0.1087,-0.1948,0.1469,-0.0977,-0.2058,-0.0172,0.0666,-0.044,0.3042,0.283,0.04249524038034837,Shorkie,1.0,False
MATALPHA2,43,-0.0073,-0.1052,0.1241,0.0482,-0.093,0.1907,0.0634,-0.1601,0.187,0.023,0.9001466806901135,Shorkie,1.0,False
COM2,18,-0.0666,-0.108,0.1316,-0.1271,-0.1886,0.2178,0.0577,-0.2178,0.2039,-0.018,0.9661178588867188,Shorkie,1.0,False
GZF3,20,-0.0204,-0.2239,0.0656,-0.0809,-0.2406,0.0864,0.0557,-0.1284,0.2159,0.114,0.6742229461669922,Shorkie,1.0,False
AFT2,27,0.162,0.0537,0.2343,0.0655,-0.1504,0.2078,0.0545,-0.1756,0.3852,0.243,0.27924175560474396,Shorkie,1.0,False
YAP6,16,-0.0165,-0.1377,0.0848,-0.0935,-0.2986,0.1721,0.0543,-0.4325,0.241,0.044,0.899932861328125,Shorkie,1.0,False
SDD4,73,-0.0128,-0.1041,0.1032,-0.1177,-0.1929,0.0098,0.0514,-0.0307,0.1276,0.132,0.32643804434391865,Shorkie,1.0,False
HAL9.1,27,-0.0931,-0.2197,-0.0338,-0.0496,-0.2418,0.2423,0.0497,-0.307,0.2258,-0.09,0.6963860541582108,Shorkie,1.0,False
YKL222C,23,-0.0521,-0.1098,0.1878,0.0427,-0.1644,0.3374,0.0473,-0.287,0.1857,-0.101,0.6868791580200195,Shorkie,1.0,False
BAS1,53,-0.0223,-0.1123,0.0219,0.0895,-0.0585,0.2366,0.0408,-0.1579,0.2535,0.023,0.8838656424145017,Shorkie,1.0,False
ARG81,26,-0.0749,-0.147,-0.009,-0.1794,-0.2657,-0.0352,0.0386,-0.198,0.2356,-0.014,0.9601797163486481,Shorkie,1.0,False
RSF2,22,0.1265,-0.2025,0.4197,0.2361,-0.2061,0.445,0.0355,-0.4471,0.4797,0.043,0.8736042976379395,Shorkie,1.0,False
RDS1,25,-0.1014,-0.2129,0.0276,-0.0031,-0.1972,0.144,0.0342,-0.3011,0.2578,-0.089,0.7111607789993286,Shorkie,1.0,False
LEU3.2,19,-0.091,-0.1518,0.1725,-0.0763,-0.2337,0.3109,0.027,-0.4537,0.3669,-0.126,0.6507492065429688,Shorkie,1.0,False
UGA3,23,-0.1347,-0.2739,0.0004,-0.2024,-0.3116,0.0395,0.0268,-0.3859,0.3047,-0.043,0.869666576385498,Shorkie,1.0,False
YAP1,18,-0.0758,-0.3835,0.181,-0.0514,-0.2241,0.0641,0.025,-0.3122,0.4193,0.146,0.6094589233398438,Shorkie,1.0,False
AFT1,24,0.0785,-0.1152,0.2056,-0.0077,-0.1251,0.1505,0.0213,-0.2537,0.4127,0.087,0.7257407903671265,Shorkie,1.0,False
YRM1,26,-0.0661,-0.149,0.0075,0.0222,-0.145,0.1264,0.02,-0.1607,0.1972,0.048,0.8416728973388672,Shorkie,1.0,False
cons_RRPE,48,-0.0366,-0.1797,0.2405,-0.0069,-0.1694,0.1005,0.0181,-0.1918,0.3575,0.165,0.3253748577658939,Shorkie,1.0,False
MET32,18,0.1236,0.0843,0.3986,0.2495,-0.0624,0.5551,0.018,-0.4572,0.5445,0.053,0.8650436401367188,Shorkie,1.0,False
PDR1,26,-0.1548,-0.251,-0.0232,-0.1722,-0.2729,0.0002,0.0179,-0.1346,0.1553,0.117,0.6170915961265564,Shorkie,1.0,False
MCM1,26,-0.0409,-0.1264,0.0087,-0.0332,-0.179,0.1221,0.0171,-0.0899,0.0854,0.111,0.6348496079444885,Shorkie,1.0,False
GAL4.2,31,-0.0284,-0.0912,0.1452,0.0697,-0.0927,0.1333,0.0148,-0.1507,0.1434,0.06,0.7793471785262227,Shorkie,1.0,False
YPR196W,16,0.0255,-0.0688,0.0983,-0.0211,-0.108,0.5332,0.0099,-0.3291,0.145,-0.103,0.743560791015625,Shorkie,1.0,False
CIN5,24,0.0475,-0.0595,0.2985,0.0705,-0.0093,0.2554,0.0072,-0.2418,0.3237,0.107,0.6634435653686523,Shorkie,1.0,False
STP2,25,-0.0694,-0.311,0.089,-0.0183,-0.2176,0.092,0.0021,-0.3098,0.3142,0.065,0.7914759516716003,Shorkie,1.0,False
YAP3.2,15,-0.0159,-0.3067,0.1023,0.0475,-0.296,0.3809,0.0018,-0.8502,0.3983,-0.133,0.67877197265625,Shorkie,1.0,False
MIG3,25,-0.197,-0.2857,0.0874,-0.2122,-0.269,-0.0041,-0.001,-0.2566,0.14,-0.046,0.8531995415687561,Shorkie_Random_Init,1.0,False
RGM1,1606,-0.102,-0.1277,-0.0763,-0.0832,-0.1055,-0.064,-0.0016,-0.0449,0.0263,0.032,0.26897629605897144,Shorkie_Random_Init,1.0,False
MSN4,1606,-0.102,-0.1282,-0.0754,-0.0832,-0.1054,-0.0646,-0.0016,-0.0446,0.028,0.032,0.26897629605897144,Shorkie_Random_Init,1.0,False
CRZ1,22,0.0036,-0.1404,0.1997,-0.0309,-0.2085,0.1294,-0.0039,-0.237,0.3054,0.059,0.8237285614013672,Shorkie_Random_Init,1.0,False
YAP5,22,-0.0572,-0.1009,0.1059,-0.0613,-0.1803,0.1261,-0.0064,-0.1325,0.2475,0.083,0.7502379417419434,Shorkie_Random_Init,1.0,False
REB1,20,-0.023,-0.1557,0.033,-0.0372,-0.2341,0.0724,-0.0087,-0.2207,0.225,-0.019,0.956329345703125,Shorkie_Random_Init,1.0,False
USV1,159,-0.0549,-0.1153,-0.0073,-0.0927,-0.1272,0.006,-0.0108,-0.1174,0.0839,-0.002,0.9862794859868851,Shorkie_Random_Init,1.0,False
RPH1,19,-0.0505,-0.2353,0.0869,-0.0602,-0.2611,0.1987,-0.0156,-0.2429,0.0496,-0.147,0.5948867797851562,Shorkie_Random_Init,1.0,False
GCR1,46,-0.1265,-0.2201,-0.0087,-0.1433,-0.275,0.0661,-0.0201,-0.147,0.1599,0.014,0.9396294242376939,Shorkie_Random_Init,1.0,False
CST6,27,0.0574,-0.0376,0.2033,0.0645,-0.1242,0.2442,-0.0204,-0.1782,0.1978,-0.005,0.9905734956264496,Shorkie_Random_Init,1.0,False
HCM1,23,0.0021,-0.0838,0.097,-0.0235,-0.1348,0.2074,-0.0254,-0.292,0.0931,-0.116,0.6433901786804199,Shorkie_Random_Init,1.0,False
ARO80.1,38,-0.0661,-0.1253,-0.0119,-0.0826,-0.1962,0.1879,-0.0289,-0.2192,0.1154,-0.15,0.42942789146036375,Shorkie_Random_Init,1.0,False
DOT6,26,-0.0241,-0.1963,0.0844,0.1194,-0.0139,0.237,-0.0412,-0.4506,0.261,-0.077,0.7453929781913757,Shorkie_Random_Init,1.0,False
MAC1,28,0.0247,-0.183,0.1625,0.0299,-0.0704,0.2565,-0.0425,-0.3224,0.1742,-0.167,0.4514767527580261,Shorkie_Random_Init,1.0,False
MIG1,25,-0.137,-0.3201,0.0562,-0.1314,-0.2331,-0.0039,-0.0573,-0.2905,0.0901,-0.052,0.8325093984603882,Shorkie_Random_Init,1.0,False
GIS1,20,-0.046,-0.2015,0.1224,-0.0866,-0.2876,0.1405,-0.0623,-0.2122,0.152,-0.076,0.7841262817382812,Shorkie_Random_Init,1.0,False
HAP4,25,-0.0437,-0.1267,0.0356,-0.1104,-0.1799,0.1673,-0.0669,-0.2298,0.2506,-0.028,0.9158032536506653,Shorkie_Random_Init,1.0,False
UPC2,37,-0.0168,-0.0765,0.1216,0.0545,-0.0809,0.1521,-0.0758,-0.2153,0.1491,-0.098,0.6119682093558367,Shorkie_Random_Init,1.0,False
TOS8,16,-0.0505,-0.1087,0.0598,0.0986,-0.1871,0.1755,-0.0823,-0.2592,0.2718,-0.118,0.705718994140625,Shorkie_Random_Init,1.0,False
TDA9,25,-0.0449,-0.1694,0.1124,0.1083,-0.1646,0.4643,-0.0832,-0.5927,0.1816,-0.274,0.24106645584106445,Shorkie_Random_Init,1.0,False
HAP1,20,-0.0432,-0.1336,0.2815,0.1052,-0.2558,0.2331,-0.0867,-0.2698,0.4849,0.162,0.5458755493164062,Shorkie_Random_Init,1.0,False
RDR1,18,-0.0295,-0.1762,0.0634,0.0023,-0.1868,0.2205,-0.0883,-0.2575,0.0908,-0.251,0.3692169189453125,Shorkie_Random_Init,1.0,False
LYS14.2,16,-0.0838,-0.3608,0.1995,0.0286,-0.1671,0.0987,-0.0947,-0.3422,0.361,-0.074,0.820892333984375,Shorkie_Random_Init,1.0,False
CHA4,36,-0.0499,-0.0975,0.0008,0.0338,-0.2156,0.2068,-0.096,-0.2477,0.2127,-0.147,0.4506834212807007,Shorkie_Random_Init,1.0,False
NSI1,113,-0.1542,-0.1988,-0.0821,-0.0519,-0.1179,0.0244,-0.0979,-0.212,-0.0299,-0.268,0.013476282438693348,Shorkie_Random_Init,1.0,False
YAP3.1,29,-0.0888,-0.3446,0.0118,-0.0156,-0.1662,0.2523,-0.1024,-0.4447,0.1318,-0.228,0.2941182516515255,Shorkie_Random_Init,1.0,False
SKO1,19,-0.0425,-0.2934,-0.0212,0.0166,-0.2149,0.1646,-0.1029,-0.4085,0.2017,-0.021,0.9529838562011719,Shorkie_Random_Init,1.0,False
MSN1.1,15,-0.0096,-0.1318,0.3301,-0.0255,-0.0706,0.2152,-0.103,-0.2248,0.3696,0.033,0.93408203125,Shorkie_Random_Init,1.0,False
MSN1.2,21,-0.1137,-0.2476,0.0186,-0.0806,-0.148,0.0331,-0.1036,-0.3713,0.1877,-0.221,0.39258384704589844,Shorkie_Random_Init,1.0,False
RPN4,22,-0.1355,-0.2229,0.0566,-0.0495,-0.1648,0.2429,-0.1065,-0.4393,0.2051,-0.233,0.3534979820251465,Shorkie_Random_Init,1.0,False
PHD1.1,19,0.0846,-0.0783,0.2264,0.0618,-0.0254,0.3504,-0.1081,-0.4287,0.1903,-0.211,0.4413337707519531,Shorkie_Random_Init,1.0,False
ECM22.1,30,-0.0112,-0.0986,0.073,0.1072,0.0012,0.2459,-0.1125,-0.2264,0.005,-0.419,0.044907208532094955,Shorkie_Random_Init,1.0,False
SKN7.2,56,-0.1113,-0.191,0.0066,-0.0179,-0.1139,0.1029,-0.1158,-0.2823,0.1009,-0.168,0.2743721483183478,Shorkie_Random_Init,1.0,False
HAC1,25,-0.0104,-0.1341,0.1114,0.1092,-0.058,0.2678,-0.1196,-0.2397,0.1926,-0.028,0.9158032536506653,Shorkie_Random_Init,1.0,False
TYE7,21,-0.0345,-0.1398,0.0166,0.05,-0.1771,0.173,-0.1245,-0.4034,0.1189,-0.325,0.20291709899902344,Shorkie_Random_Init,1.0,False
GLN3,225,-0.0834,-0.1121,-0.0522,-0.0005,-0.0734,0.076,-0.1301,-0.2206,-0.0081,-0.216,0.0048813656128744425,Shorkie_Random_Init,0.5711197767063098,False
ABF1,24,-0.1401,-0.3586,0.0223,0.0563,-0.1348,0.1938,-0.1331,-0.2597,0.0742,-0.26,0.27681541442871094,Shorkie_Random_Init,1.0,False
GAL4.1,28,-0.1287,-0.1814,-0.0497,0.0516,-0.1195,0.2211,-0.1518,-0.396,0.0623,-0.433,0.0451183095574379,Shorkie_Random_Init,1.0,False
HAL9.2,32,-0.0138,-0.0976,0.0334,0.162,0.0826,0.3669,-0.154,-0.4636,0.1052,-0.436,0.030921863857656717,Shorkie_Random_Init,1.0,False
THI2,20,0.0489,-0.1914,0.1684,-0.0147,-0.1399,0.1734,-0.1541,-0.5023,0.2359,-0.2,0.4523754119873047,Shorkie_Random_Init,1.0,False
CBF1,22,-0.0888,-0.2888,0.0147,0.0776,-0.2176,0.3643,-0.1599,-0.7174,0.2744,-0.368,0.13748931884765625,Shorkie_Random_Init,1.0,False
TOD6,19,-0.0138,-0.2074,0.0369,0.0264,-0.0571,0.2431,-0.1629,-0.3142,0.1234,-0.305,0.25792694091796875,Shorkie_Random_Init,1.0,False
MIG2,19,-0.2517,-0.4735,0.0616,-0.1526,-0.2078,0.1718,-0.1839,-0.5522,0.072,-0.389,0.14468765258789062,Shorkie_Random_Init,1.0,False
TEC1,21,-0.101,-0.1831,0.0022,0.0497,-0.1065,0.2789,-0.1881,-0.3612,0.0346,-0.437,0.08219528198242188,Shorkie_Random_Init,1.0,False
ROX1,25,-0.123,-0.3414,0.0956,-0.1477,-0.2041,0.1996,-0.1951,-0.4913,0.2595,-0.175,0.457846462726593,Shorkie_Random_Init,1.0,False
CEP3,34,-0.114,-0.2094,-0.0509,0.1013,-0.0046,0.2645,-0.2019,-0.3722,0.0008,-0.533,0.005799120059236884,Shorkie_Random_Init,0.6726979268714786,False
STE12,32,-0.2384,-0.3826,-0.1181,-0.0898,-0.1776,0.0621,-0.2054,-0.3781,0.0089,-0.458,0.022786711808294058,Shorkie_Random_Init,1.0,False
FHL1,25,-0.0477,-0.2609,0.042,0.1654,-0.0417,0.3604,-0.2072,-0.5525,0.0129,-0.385,0.09573346376419067,Shorkie_Random_Init,1.0,False
EDS1,24,-0.2251,-0.3955,-0.0917,0.0706,-0.1405,0.2213,-0.2084,-0.6327,0.0171,-0.447,0.05642664432525635,Shorkie_Random_Init,1.0,False
TBF1,17,-0.1463,-0.3497,-0.002,0.0621,-0.1777,0.6198,-0.2143,-0.6853,0.0532,-0.412,0.1454315185546875,Shorkie_Random_Init,1.0,False
XBP1,18,-0.0892,-0.2785,0.0811,0.1085,-0.1509,0.303,-0.223,-0.5115,0.1153,-0.439,0.1083831787109375,Shorkie_Random_Init,1.0,False
PUL4,17,-0.1022,-0.2893,0.0135,0.1311,-0.0293,0.2421,-0.2241,-0.4888,-0.0383,-0.608,0.02667236328125,Shorkie_Random_Init,1.0,False
RGT1,24,-0.1338,-0.398,0.1065,0.0517,-0.1301,0.1605,-0.2341,-0.3711,0.1312,-0.253,0.28966712951660156,Shorkie_Random_Init,1.0,False
YRR1,33,-0.1228,-0.1679,-0.0564,0.0146,-0.1263,0.1875,-0.2378,-0.376,-0.0242,-0.54,0.005826751468703151,Shorkie_Random_Init,0.6726979268714786,False
UME6,29,-0.0041,-0.1261,0.0524,0.1266,-0.0415,0.3032,-0.2404,-0.3676,0.0254,-0.306,0.1556677184998989,Shorkie_Random_Init,1.0,False
CAD1.2,20,-0.1085,-0.3456,-0.0169,0.0129,-0.0996,0.3802,-0.2741,-0.4597,0.1043,-0.4,0.1230926513671875,Shorkie_Random_Init,1.0,False
TBS1.2,22,0.0217,-0.1536,0.0671,0.1236,-0.1703,0.4651,-0.2818,-0.5068,0.1234,-0.36,0.1465167999267578,Shorkie_Random_Init,1.0,False
YOX1,15,-0.1333,-0.2401,0.2274,0.2127,-0.1027,0.7039,-0.3137,-0.4568,0.1603,-0.45,0.1353759765625,Shorkie_Random_Init,1.0,False
STB4,17,-0.0319,-0.1794,0.1828,0.1794,-0.3636,0.5254,-0.3588,-0.631,0.4394,-0.229,0.4306793212890625,Shorkie_Random_Init,1.0,False
YAP7.1,21,-0.2691,-0.4382,-0.0578,0.081,-0.1046,0.3945,-0.3873,-0.8271,-0.089,-0.758,0.0013742446899414062,Shorkie_Random_Init,0.16353511810302734,False
YLR278C,18,-0.2891,-0.6757,-0.0372,0.125,-0.0649,0.4143,-0.4219,-1.0474,0.1742,-0.579,0.030364990234375,Shorkie_Random_Init,1.0,False
