subset,part,chrom,start,end,strand,length
gene_exp_motif_test_RP,part0,chrII,45195,45695,+,500
gene_exp_motif_test_RP,part0,chrII,60689,61189,-,500
gene_exp_motif_test_RP,part0,chrII,89390,89890,-,500
gene_exp_motif_test_RP,part0,chrII,167973,168473,+,500
gene_exp_motif_test_RP,part0,chrII,299716,300216,+,500
gene_exp_motif_test_RP,part0,chrII,332381,332881,+,500
gene_exp_motif_test_RP,part0,chrII,415211,415711,-,500
gene_exp_motif_test_RP,part0,chrII,592724,593224,-,500
gene_exp_motif_test_RP,part0,chrII,604058,604558,+,500
gene_exp_motif_test_RP,part0,chrII,605820,606320,+,500
gene_exp_motif_test_RP,part0,chrIII,178170,178670,-,500
gene_exp_motif_test_RP,part0,chrIV,117214,117714,+,500
gene_exp_motif_test_RP,part0,chrIV,130434,130934,-,500
gene_exp_motif_test_RP,part0,chrIV,217150,217650,+,500
gene_exp_motif_test_RP,part0,chrIV,221751,222251,-,500
gene_exp_motif_test_RP,part0,chrIV,229456,229956,+,500
gene_exp_motif_test_RP,part0,chrIV,307739,308239,-,500
gene_exp_motif_test_RP,part0,chrIV,307974,308474,+,500
gene_exp_motif_test_RP,part0,chrIV,310072,310572,-,500
gene_exp_motif_test_RP,part0,chrIV,321776,322276,+,500
gene_exp_motif_test_RP,part1,chrIV,341169,341669,-,500
gene_exp_motif_test_RP,part1,chrIV,471403,471903,+,500
gene_exp_motif_test_RP,part1,chrIV,491065,491565,+,500
gene_exp_motif_test_RP,part1,chrIV,579008,579508,+,500
gene_exp_motif_test_RP,part1,chrIV,1239042,1239542,+,500
gene_exp_motif_test_RP,part1,chrIV,1301166,1301666,+,500
gene_exp_motif_test_RP,part1,chrIV,1355503,1356003,-,500
gene_exp_motif_test_RP,part1,chrIV,1359473,1359973,+,500
gene_exp_motif_test_RP,part1,chrIV,1401320,1401820,+,500
gene_exp_motif_test_RP,part1,chrIV,1450803,1451303,-,500
gene_exp_motif_test_RP,part1,chrV,53168,53668,-,500
gene_exp_motif_test_RP,part1,chrV,270135,270635,-,500
gene_exp_motif_test_RP,part1,chrV,305873,306373,+,500
gene_exp_motif_test_RP,part1,chrV,362283,362783,+,500
gene_exp_motif_test_RP,part1,chrV,396319,396819,+,500
gene_exp_motif_test_RP,part1,chrV,423141,423641,+,500
gene_exp_motif_test_RP,part1,chrVI,64882,65382,-,500
gene_exp_motif_test_RP,part1,chrVI,221368,221868,-,500
gene_exp_motif_test_RP,part1,chrVI,223721,224221,-,500
gene_exp_motif_test_RP,part1,chrVII,148916,149416,-,500
gene_exp_motif_test_RP,part2,chrVII,228279,228779,-,500
gene_exp_motif_test_RP,part2,chrVII,254191,254691,+,500
gene_exp_motif_test_RP,part2,chrVII,277167,277667,+,500
gene_exp_motif_test_RP,part2,chrVII,310517,311017,+,500
gene_exp_motif_test_RP,part2,chrVII,365946,366446,-,500
gene_exp_motif_test_RP,part2,chrVII,438347,438847,-,500
gene_exp_motif_test_RP,part2,chrVII,438641,439141,+,500
gene_exp_motif_test_RP,part2,chrVII,534735,535235,-,500
gene_exp_motif_test_RP,part2,chrVII,555362,555862,+,500
gene_exp_motif_test_RP,part2,chrVII,648857,649357,-,500
gene_exp_motif_test_RP,part2,chrVII,726524,727024,+,500
gene_exp_motif_test_RP,part2,chrVII,788128,788628,-,500
gene_exp_motif_test_RP,part2,chrVII,920125,920625,+,500
gene_exp_motif_test_RP,part2,chrVIII,35975,36475,-,500
gene_exp_motif_test_RP,part2,chrVIII,74962,75462,+,500
gene_exp_motif_test_RP,part2,chrVIII,103827,104327,+,500
gene_exp_motif_test_RP,part2,chrVIII,126071,126571,+,500
gene_exp_motif_test_RP,part2,chrVIII,148619,149119,-,500
gene_exp_motif_test_RP,part2,chrVIII,382701,383201,-,500
gene_exp_motif_test_RP,part2,chrVIII,505480,505980,-,500
gene_exp_motif_test_RP,part3,chrIX,68258,68758,+,500
gene_exp_motif_test_RP,part3,chrIX,99366,99866,-,500
gene_exp_motif_test_RP,part3,chrIX,232319,232819,-,500
gene_exp_motif_test_RP,part3,chrIX,257013,257513,-,500
gene_exp_motif_test_RP,part3,chrIX,316318,316818,+,500
gene_exp_motif_test_RP,part3,chrX,73337,73837,+,500
gene_exp_motif_test_RP,part3,chrX,75252,75752,-,500
gene_exp_motif_test_RP,part3,chrX,75483,75983,+,500
gene_exp_motif_test_RP,part3,chrX,90336,90836,+,500
gene_exp_motif_test_RP,part3,chrX,157223,157723,-,500
gene_exp_motif_test_RP,part3,chrX,607855,608355,+,500
gene_exp_motif_test_RP,part3,chrX,651451,651951,+,500
gene_exp_motif_test_RP,part3,chrX,703018,703518,-,500
gene_exp_motif_test_RP,part3,chrXI,108819,109319,+,500
gene_exp_motif_test_RP,part3,chrXI,158163,158663,+,500
gene_exp_motif_test_RP,part3,chrXI,431456,431956,+,500
gene_exp_motif_test_RP,part3,chrXI,551207,551707,+,500
gene_exp_motif_test_RP,part3,chrXI,618700,619200,-,500
gene_exp_motif_test_RP,part3,chrXII,48579,49079,-,500
gene_exp_motif_test_RP,part3,chrXII,202540,203040,-,500
gene_exp_motif_test_RP,part4,chrXII,241782,242282,+,500
gene_exp_motif_test_RP,part4,chrXII,262744,263244,+,500
gene_exp_motif_test_RP,part4,chrXII,282477,282977,+,500
gene_exp_motif_test_RP,part4,chrXII,498497,498997,+,500
gene_exp_motif_test_RP,part4,chrXII,522213,522713,+,500
gene_exp_motif_test_RP,part4,chrXII,672681,673181,+,500
gene_exp_motif_test_RP,part4,chrXII,713108,713608,-,500
gene_exp_motif_test_RP,part4,chrXII,781329,781829,-,500
gene_exp_motif_test_RP,part4,chrXII,796285,796785,-,500
gene_exp_motif_test_RP,part4,chrXII,805437,805937,+,500
gene_exp_motif_test_RP,part4,chrXII,818862,819362,+,500
gene_exp_motif_test_RP,part4,chrXII,855428,855928,+,500
gene_exp_motif_test_RP,part4,chrXII,897708,898208,+,500
gene_exp_motif_test_RP,part4,chrXII,931705,932205,-,500
gene_exp_motif_test_RP,part4,chrXII,1018858,1019358,-,500
gene_exp_motif_test_RP,part4,chrXII,1028404,1028904,+,500
gene_exp_motif_test_RP,part4,chrXIII,124122,124622,-,500
gene_exp_motif_test_RP,part4,chrXIII,146032,146532,+,500
gene_exp_motif_test_RP,part4,chrXIII,223778,224278,-,500
gene_exp_motif_test_RP,part4,chrXIII,225439,225939,+,500
gene_exp_motif_test_RP,part5,chrXIII,510298,510798,-,500
gene_exp_motif_test_RP,part5,chrXIII,551157,551657,-,500
gene_exp_motif_test_RP,part5,chrXIII,551478,551978,+,500
gene_exp_motif_test_RP,part5,chrXIII,650695,651195,+,500
gene_exp_motif_test_RP,part5,chrXIII,731964,732464,+,500
gene_exp_motif_test_RP,part5,chrXIII,754170,754670,-,500
gene_exp_motif_test_RP,part5,chrXIV,62893,63393,-,500
gene_exp_motif_test_RP,part5,chrXIV,64512,65012,-,500
gene_exp_motif_test_RP,part5,chrXIV,302230,302730,+,500
gene_exp_motif_test_RP,part5,chrXIV,330872,331372,+,500
gene_exp_motif_test_RP,part5,chrXIV,444265,444765,-,500
gene_exp_motif_test_RP,part5,chrXIV,494951,495451,-,500
gene_exp_motif_test_RP,part5,chrXIV,499231,499731,+,500
gene_exp_motif_test_RP,part5,chrXV,79898,80398,+,500
gene_exp_motif_test_RP,part5,chrXV,92800,93300,-,500
gene_exp_motif_test_RP,part5,chrXV,94352,94852,-,500
gene_exp_motif_test_RP,part5,chrXV,253527,254027,-,500
gene_exp_motif_test_RP,part5,chrXV,253847,254347,+,500
gene_exp_motif_test_RP,part5,chrXV,444236,444736,+,500
gene_exp_motif_test_RP,part5,chrXV,505344,505844,+,500
gene_exp_motif_test_RP,part6,chrXV,648957,649457,-,500
gene_exp_motif_test_RP,part6,chrXV,678743,679243,-,500
gene_exp_motif_test_RP,part6,chrXV,779355,779855,-,500
gene_exp_motif_test_RP,part6,chrXV,866648,867148,+,500
gene_exp_motif_test_RP,part6,chrXV,901144,901644,-,500
gene_exp_motif_test_RP,part6,chrXV,1028575,1029075,-,500
gene_exp_motif_test_RP,part6,chrXVI,76189,76689,-,500
gene_exp_motif_test_RP,part6,chrXVI,135340,135840,+,500
gene_exp_motif_test_RP,part6,chrXVI,172702,173202,+,500
gene_exp_motif_test_RP,part6,chrXVI,281672,282172,+,500
gene_exp_motif_test_RP,part6,chrXVI,302671,303171,+,500
gene_exp_motif_test_RP,part6,chrXVI,378345,378845,-,500
gene_exp_motif_test_RP,part6,chrXVI,404500,405000,+,500
gene_exp_motif_test_RP,part6,chrXVI,406186,406686,+,500
gene_exp_motif_test_RP,part6,chrXVI,653716,654216,+,500
gene_exp_motif_test_RP,part6,chrXVI,731698,732198,-,500
gene_exp_motif_test_RP,part6,chrXVI,794515,795015,+,500
gene_exp_motif_test_TSS,part0,chrI,8966,9466,-,500
gene_exp_motif_test_TSS,part0,chrI,9641,10141,+,500
gene_exp_motif_test_TSS,part0,chrI,11596,12096,+,500
gene_exp_motif_test_TSS,part0,chrI,11901,12401,-,500
gene_exp_motif_test_TSS,part0,chrI,13693,14193,-,500
gene_exp_motif_test_TSS,part0,chrI,21116,21616,+,500
gene_exp_motif_test_TSS,part0,chrI,22635,23135,-,500
gene_exp_motif_test_TSS,part0,chrI,27918,28418,-,500
gene_exp_motif_test_TSS,part0,chrI,31117,31617,+,500
gene_exp_motif_test_TSS,part0,chrI,32998,33498,+,500
gene_exp_motif_test_TSS,part0,chrI,34705,35205,+,500
gene_exp_motif_test_TSS,part0,chrI,36059,36559,+,500
gene_exp_motif_test_TSS,part0,chrI,36868,37368,-,500
gene_exp_motif_test_TSS,part0,chrI,37014,37514,+,500
gene_exp_motif_test_TSS,part0,chrI,38809,39309,+,500
gene_exp_motif_test_TSS,part0,chrI,38996,39496,-,500
gene_exp_motif_test_TSS,part0,chrI,41727,42227,+,500
gene_exp_motif_test_TSS,part0,chrI,44972,45472,-,500
gene_exp_motif_test_TSS,part0,chrI,45449,45949,+,500
gene_exp_motif_test_TSS,part0,chrI,48114,48614,+,500
gene_exp_motif_test_TSS,part0,chrI,52545,53045,-,500
gene_exp_motif_test_TSS,part0,chrI,54134,54634,+,500
gene_exp_motif_test_TSS,part0,chrI,54739,55239,-,500
gene_exp_motif_test_TSS,part0,chrI,56807,57307,-,500
gene_exp_motif_test_TSS,part0,chrI,57068,57568,+,500
gene_exp_motif_test_TSS,part0,chrI,57335,57835,-,500
gene_exp_motif_test_TSS,part0,chrI,57746,58246,-,500
gene_exp_motif_test_TSS,part0,chrI,58412,58912,-,500
gene_exp_motif_test_TSS,part0,chrI,60866,61366,+,500
gene_exp_motif_test_TSS,part0,chrI,61002,61502,-,500
gene_exp_motif_test_TSS,part0,chrI,61558,62058,-,500
gene_exp_motif_test_TSS,part0,chrI,62390,62890,+,500
gene_exp_motif_test_TSS,part0,chrI,67470,67970,-,500
gene_exp_motif_test_TSS,part0,chrI,69475,69975,-,500
gene_exp_motif_test_TSS,part0,chrI,71336,71836,+,500
gene_exp_motif_test_TSS,part0,chrI,73250,73750,-,500
gene_exp_motif_test_TSS,part0,chrI,73468,73968,-,500
gene_exp_motif_test_TSS,part0,chrI,73570,74070,+,500
gene_exp_motif_test_TSS,part0,chrI,75977,76477,+,500
gene_exp_motif_test_TSS,part0,chrI,76102,76602,-,500
gene_exp_motif_test_TSS,part0,chrI,79268,79768,+,500
gene_exp_motif_test_TSS,part0,chrI,79792,80292,-,500
gene_exp_motif_test_TSS,part0,chrI,81901,82401,-,500
gene_exp_motif_test_TSS,part0,chrI,82256,82756,+,500
gene_exp_motif_test_TSS,part0,chrI,84219,84719,+,500
gene_exp_motif_test_TSS,part0,chrI,84424,84924,-,500
gene_exp_motif_test_TSS,part0,chrI,86836,87336,+,500
gene_exp_motif_test_TSS,part0,chrI,86981,87481,-,500
gene_exp_motif_test_TSS,part0,chrI,92220,92720,-,500
gene_exp_motif_test_TSS,part0,chrI,92450,92950,+,500
gene_exp_motif_test_TSS,part0,chrI,94237,94737,+,500
gene_exp_motif_test_TSS,part0,chrI,95773,96273,-,500
gene_exp_motif_test_TSS,part0,chrI,99647,100147,-,500
gene_exp_motif_test_TSS,part0,chrI,101095,101595,-,500
gene_exp_motif_test_TSS,part0,chrI,105822,106322,-,500
gene_exp_motif_test_TSS,part0,chrI,108501,109001,-,500
gene_exp_motif_test_TSS,part0,chrI,110380,110880,-,500
gene_exp_motif_test_TSS,part0,chrI,113309,113809,-,500
gene_exp_motif_test_TSS,part0,chrI,113800,114300,+,500
gene_exp_motif_test_TSS,part0,chrI,114469,114969,+,500
gene_exp_motif_test_TSS,part0,chrI,114565,115065,-,500
gene_exp_motif_test_TSS,part0,chrI,119491,119991,-,500
gene_exp_motif_test_TSS,part0,chrI,119775,120275,+,500
gene_exp_motif_test_TSS,part0,chrI,124442,124942,-,500
gene_exp_motif_test_TSS,part0,chrI,125019,125519,-,500
gene_exp_motif_test_TSS,part1,chrI,124429,124929,+,500
gene_exp_motif_test_TSS,part1,chrI,128052,128552,-,500
gene_exp_motif_test_TSS,part1,chrI,128820,129320,+,500
gene_exp_motif_test_TSS,part1,chrI,128969,129469,-,500
gene_exp_motif_test_TSS,part1,chrI,130349,130849,+,500
gene_exp_motif_test_TSS,part1,chrI,131749,132249,+,500
gene_exp_motif_test_TSS,part1,chrI,135404,135904,+,500
gene_exp_motif_test_TSS,part1,chrI,135615,136115,-,500
gene_exp_motif_test_TSS,part1,chrI,136464,136964,+,500
gene_exp_motif_test_TSS,part1,chrI,138295,138795,-,500
gene_exp_motif_test_TSS,part1,chrI,140310,140810,+,500
gene_exp_motif_test_TSS,part1,chrI,141381,141881,-,500
gene_exp_motif_test_TSS,part1,chrI,141724,142224,+,500
gene_exp_motif_test_TSS,part1,chrI,143257,143757,+,500
gene_exp_motif_test_TSS,part1,chrI,151116,151616,-,500
gene_exp_motif_test_TSS,part1,chrI,151807,152307,+,500
gene_exp_motif_test_TSS,part1,chrI,154555,155055,+,500
gene_exp_motif_test_TSS,part1,chrI,154674,155174,-,500
gene_exp_motif_test_TSS,part1,chrI,158516,159016,+,500
gene_exp_motif_test_TSS,part1,chrI,158569,159069,-,500
gene_exp_motif_test_TSS,part1,chrI,168821,169321,-,500
gene_exp_motif_test_TSS,part1,chrI,168925,169425,+,500
gene_exp_motif_test_TSS,part1,chrI,171653,172153,-,500
gene_exp_motif_test_TSS,part1,chrI,174548,175048,+,500
gene_exp_motif_test_TSS,part1,chrI,175085,175585,-,500
gene_exp_motif_test_TSS,part1,chrI,176973,177473,-,500
gene_exp_motif_test_TSS,part1,chrI,179770,180270,-,500
gene_exp_motif_test_TSS,part1,chrI,183320,183820,+,500
gene_exp_motif_test_TSS,part1,chrI,184442,184942,+,500
gene_exp_motif_test_TSS,part1,chrI,185871,186371,+,500
gene_exp_motif_test_TSS,part1,chrI,186386,186886,+,500
gene_exp_motif_test_TSS,part1,chrI,186803,187303,-,500
gene_exp_motif_test_TSS,part1,chrI,187657,188157,+,500
gene_exp_motif_test_TSS,part1,chrI,189743,190243,+,500
gene_exp_motif_test_TSS,part1,chrI,192169,192669,+,500
gene_exp_motif_test_TSS,part1,chrI,192367,192867,-,500
gene_exp_motif_test_TSS,part1,chrI,201737,202237,-,500
gene_exp_motif_test_TSS,part1,chrI,202953,203453,+,500
gene_exp_motif_test_TSS,part1,chrI,207917,208417,+,500
gene_exp_motif_test_TSS,part1,chrI,217442,217942,-,500
gene_exp_motif_test_TSS,part1,chrI,219748,220248,+,500
gene_exp_motif_test_TSS,part1,chrI,220599,221099,+,500
gene_exp_motif_test_TSS,part1,chrII,8818,9318,+,500
gene_exp_motif_test_TSS,part1,chrII,10501,11001,-,500
gene_exp_motif_test_TSS,part1,chrII,13829,14329,-,500
gene_exp_motif_test_TSS,part1,chrII,17646,18146,-,500
gene_exp_motif_test_TSS,part1,chrII,21243,21743,-,500
gene_exp_motif_test_TSS,part1,chrII,23486,23986,-,500
gene_exp_motif_test_TSS,part1,chrII,23648,24148,+,500
gene_exp_motif_test_TSS,part1,chrII,27977,28477,+,500
gene_exp_motif_test_TSS,part1,chrII,28249,28749,-,500
gene_exp_motif_test_TSS,part1,chrII,36603,37103,+,500
gene_exp_motif_test_TSS,part1,chrII,37253,37753,-,500
gene_exp_motif_test_TSS,part1,chrII,38695,39195,+,500
gene_exp_motif_test_TSS,part1,chrII,40381,40881,+,500
gene_exp_motif_test_TSS,part1,chrII,42827,43327,+,500
gene_exp_motif_test_TSS,part1,chrII,43432,43932,-,500
gene_exp_motif_test_TSS,part1,chrII,44047,44547,-,500
gene_exp_motif_test_TSS,part1,chrII,44868,45368,-,500
gene_exp_motif_test_TSS,part1,chrII,45195,45695,+,500
gene_exp_motif_test_TSS,part1,chrII,47130,47630,-,500
gene_exp_motif_test_TSS,part1,chrII,48375,48875,+,500
gene_exp_motif_test_TSS,part1,chrII,48578,49078,-,500
gene_exp_motif_test_TSS,part1,chrII,49124,49624,+,500
gene_exp_motif_test_TSS,part1,chrII,59332,59832,-,500
gene_exp_motif_test_TSS,part3,chrII,165684,166184,+,500
gene_exp_motif_test_TSS,part3,chrII,167788,168288,-,500
gene_exp_motif_test_TSS,part3,chrII,167973,168473,+,500
gene_exp_motif_test_TSS,part3,chrII,170173,170673,+,500
gene_exp_motif_test_TSS,part3,chrII,171031,171531,+,500
gene_exp_motif_test_TSS,part3,chrII,172084,172584,+,500
gene_exp_motif_test_TSS,part3,chrII,177476,177976,-,500
gene_exp_motif_test_TSS,part3,chrII,181225,181725,-,500
gene_exp_motif_test_TSS,part3,chrII,181951,182451,+,500
gene_exp_motif_test_TSS,part3,chrII,182044,182544,-,500
gene_exp_motif_test_TSS,part3,chrII,183903,184403,+,500
gene_exp_motif_test_TSS,part3,chrII,186424,186924,-,500
gene_exp_motif_test_TSS,part3,chrII,191533,192033,-,500
gene_exp_motif_test_TSS,part3,chrII,192001,192501,+,500
gene_exp_motif_test_TSS,part3,chrII,193672,194172,+,500
gene_exp_motif_test_TSS,part3,chrII,201606,202106,+,500
gene_exp_motif_test_TSS,part3,chrII,201698,202198,-,500
gene_exp_motif_test_TSS,part3,chrII,203088,203588,+,500
gene_exp_motif_test_TSS,part3,chrII,203757,204257,-,500
gene_exp_motif_test_TSS,part3,chrII,206744,207244,+,500
gene_exp_motif_test_TSS,part3,chrII,206899,207399,-,500
gene_exp_motif_test_TSS,part3,chrII,208959,209459,+,500
gene_exp_motif_test_TSS,part3,chrII,209203,209703,+,500
gene_exp_motif_test_TSS,part3,chrII,216261,216761,+,500
gene_exp_motif_test_TSS,part3,chrII,216316,216816,-,500
gene_exp_motif_test_TSS,part3,chrII,217020,217520,+,500
gene_exp_motif_test_TSS,part3,chrII,217079,217579,-,500
gene_exp_motif_test_TSS,part3,chrII,227186,227686,+,500
gene_exp_motif_test_TSS,part3,chrII,235742,236242,-,500
gene_exp_motif_test_TSS,part3,chrII,236042,236542,+,500
gene_exp_motif_test_TSS,part3,chrII,237417,237917,-,500
gene_exp_motif_test_TSS,part3,chrII,241233,241733,-,500
gene_exp_motif_test_TSS,part3,chrII,242359,242859,+,500
gene_exp_motif_test_TSS,part3,chrII,242518,243018,-,500
gene_exp_motif_test_TSS,part3,chrII,245456,245956,+,500
gene_exp_motif_test_TSS,part3,chrII,245617,246117,-,500
gene_exp_motif_test_TSS,part3,chrII,246560,247060,+,500
gene_exp_motif_test_TSS,part3,chrII,250966,251466,-,500
gene_exp_motif_test_TSS,part3,chrII,254159,254659,-,500
gene_exp_motif_test_TSS,part3,chrII,255634,256134,-,500
gene_exp_motif_test_TSS,part3,chrII,255881,256381,+,500
gene_exp_motif_test_TSS,part3,chrII,257925,258425,-,500
gene_exp_motif_test_TSS,part3,chrII,259516,260016,-,500
gene_exp_motif_test_TSS,part3,chrII,265831,266331,-,500
gene_exp_motif_test_TSS,part3,chrII,267286,267786,-,500
gene_exp_motif_test_TSS,part3,chrII,269453,269953,-,500
gene_exp_motif_test_TSS,part3,chrII,269797,270297,+,500
gene_exp_motif_test_TSS,part3,chrII,273653,274153,-,500
gene_exp_motif_test_TSS,part3,chrII,275477,275977,-,500
gene_exp_motif_test_TSS,part3,chrII,278302,278802,-,500
gene_exp_motif_test_TSS,part3,chrII,278571,279071,+,500
gene_exp_motif_test_TSS,part3,chrII,280993,281493,+,500
gene_exp_motif_test_TSS,part3,chrII,283288,283788,+,500
gene_exp_motif_test_TSS,part3,chrII,287875,288375,-,500
gene_exp_motif_test_TSS,part3,chrII,288995,289495,+,500
gene_exp_motif_test_TSS,part3,chrII,291815,292315,-,500
gene_exp_motif_test_TSS,part3,chrII,293969,294469,-,500
gene_exp_motif_test_TSS,part3,chrII,294306,294806,-,500
gene_exp_motif_test_TSS,part3,chrII,295952,296452,-,500
gene_exp_motif_test_TSS,part3,chrII,297692,298192,-,500
gene_exp_motif_test_TSS,part3,chrII,297842,298342,+,500
gene_exp_motif_test_TSS,part3,chrII,299716,300216,+,500
gene_exp_motif_test_TSS,part3,chrII,301069,301569,+,500
gene_exp_motif_test_TSS,part3,chrII,301494,301994,+,500
gene_exp_motif_test_TSS,part3,chrII,305926,306426,-,500
gene_exp_motif_test_TSS,part4,chrII,306905,307405,-,500
gene_exp_motif_test_TSS,part4,chrII,310263,310763,-,500
gene_exp_motif_test_TSS,part4,chrII,311402,311902,-,500
gene_exp_motif_test_TSS,part4,chrII,311448,311948,+,500
gene_exp_motif_test_TSS,part4,chrII,315125,315625,+,500
gene_exp_motif_test_TSS,part4,chrII,316518,317018,+,500
gene_exp_motif_test_TSS,part4,chrII,317816,318316,+,500
gene_exp_motif_test_TSS,part4,chrII,321559,322059,-,500
gene_exp_motif_test_TSS,part4,chrII,323895,324395,-,500
gene_exp_motif_test_TSS,part4,chrII,326009,326509,-,500
gene_exp_motif_test_TSS,part4,chrII,330042,330542,-,500
gene_exp_motif_test_TSS,part4,chrII,331383,331883,+,500
gene_exp_motif_test_TSS,part4,chrII,331461,331961,-,500
gene_exp_motif_test_TSS,part4,chrII,332381,332881,+,500
gene_exp_motif_test_TSS,part4,chrII,336768,337268,-,500
gene_exp_motif_test_TSS,part4,chrII,337538,338038,+,500
gene_exp_motif_test_TSS,part4,chrII,338149,338649,-,500
gene_exp_motif_test_TSS,part4,chrII,339302,339802,-,500
gene_exp_motif_test_TSS,part4,chrII,340701,341201,-,500
gene_exp_motif_test_TSS,part4,chrII,342651,343151,+,500
gene_exp_motif_test_TSS,part4,chrII,347251,347751,-,500
gene_exp_motif_test_TSS,part4,chrII,347429,347929,+,500
gene_exp_motif_test_TSS,part4,chrII,350805,351305,+,500
gene_exp_motif_test_TSS,part4,chrII,351401,351901,-,500
gene_exp_motif_test_TSS,part4,chrII,353243,353743,-,500
gene_exp_motif_test_TSS,part4,chrII,355967,356467,-,500
gene_exp_motif_test_TSS,part4,chrII,356516,357016,-,500
gene_exp_motif_test_TSS,part4,chrII,360137,360637,-,500
gene_exp_motif_test_TSS,part4,chrII,362464,362964,-,500
gene_exp_motif_test_TSS,part4,chrII,365669,366169,-,500
gene_exp_motif_test_TSS,part4,chrII,366550,367050,-,500
gene_exp_motif_test_TSS,part4,chrII,367313,367813,+,500
gene_exp_motif_test_TSS,part4,chrII,368134,368634,-,500
gene_exp_motif_test_TSS,part4,chrII,369628,370128,-,500
gene_exp_motif_test_TSS,part4,chrII,370649,371149,-,500
gene_exp_motif_test_TSS,part4,chrII,372685,373185,-,500
gene_exp_motif_test_TSS,part4,chrII,375640,376140,-,500
gene_exp_motif_test_TSS,part4,chrII,378383,378883,-,500
gene_exp_motif_test_TSS,part4,chrII,379884,380384,-,500
gene_exp_motif_test_TSS,part4,chrII,379961,380461,+,500
gene_exp_motif_test_TSS,part4,chrII,381580,382080,+,500
gene_exp_motif_test_TSS,part4,chrII,382662,383162,+,500
gene_exp_motif_test_TSS,part4,chrII,382971,383471,-,500
gene_exp_motif_test_TSS,part4,chrII,385836,386336,+,500
gene_exp_motif_test_TSS,part4,chrII,389777,390277,+,500
gene_exp_motif_test_TSS,part4,chrII,391567,392067,-,500
gene_exp_motif_test_TSS,part4,chrII,392243,392743,-,500
gene_exp_motif_test_TSS,part4,chrII,392673,393173,+,500
gene_exp_motif_test_TSS,part4,chrII,398227,398727,-,500
gene_exp_motif_test_TSS,part4,chrII,400840,401340,-,500
gene_exp_motif_test_TSS,part4,chrII,405201,405701,-,500
gene_exp_motif_test_TSS,part4,chrII,407119,407619,-,500
gene_exp_motif_test_TSS,part4,chrII,408719,409219,+,500
gene_exp_motif_test_TSS,part4,chrII,410604,411104,+,500
gene_exp_motif_test_TSS,part4,chrII,415211,415711,-,500
gene_exp_motif_test_TSS,part4,chrII,415533,416033,+,500
gene_exp_motif_test_TSS,part4,chrII,419114,419614,-,500
gene_exp_motif_test_TSS,part4,chrII,422991,423491,-,500
gene_exp_motif_test_TSS,part4,chrII,423315,423815,+,500
gene_exp_motif_test_TSS,part4,chrII,424733,425233,+,500
gene_exp_motif_test_TSS,part4,chrII,425716,426216,-,500
gene_exp_motif_test_TSS,part4,chrII,426823,427323,-,500
gene_exp_motif_test_TSS,part4,chrII,427008,427508,-,500
gene_exp_motif_test_TSS,part4,chrII,427434,427934,-,500
gene_exp_motif_test_TSS,part4,chrII,429051,429551,-,500
