tier,order,genomes
R64,Saccharomycetales,1
80_strains,Saccharomycetales,80
165_Saccharomycetales,Saccharomycetales,165
1341_Fungus,Saccharomycetales,170
1341_Fungus,Eurotiales,159
1341_Fungus,Hypocreales,140
1341_Fungus,Tremellales,79
1341_Fungus,Pleosporales,67
1341_Fungus,Onygenales,53
1341_Fungus,Dothideales,51
1341_Fungus,Wallemiales,49
1341_Fungus,Agaricales,36
1341_Fungus,Glomerellales,35
1341_Fungus,Capnodiales,34
1341_Fungus,Polyporales,32
1341_Fungus,Chaetothyriomycetidae,31
1341_Fungus,Fungi,29
1341_Fungus,Helotiales,25
1341_Fungus,Xylariales,24
1341_Fungus,Mucoromycotina,21
1341_Fungus,Pseudeurotiaceae,21
1341_Fungus,Dothideomycetes,20
1341_Fungus,Sclerotiniaceae,18
1341_Fungus,Microsporidia,16
1341_Fungus,Orbiliales,16
1341_Fungus,Ustilaginales,15
1341_Fungus,Chytridiomycota,14
1341_Fungus,Sordariales,13
1341_Fungus,Boletales,12
1341_Fungus,Sordariomycetidae,12
1341_Fungus,Erysiphales,11
1341_Fungus,Pucciniales,11
1341_Fungus,Sporidiobolales,10
1341_Fungus,Cantharellales,9
1341_Fungus,Pezizales,9
1341_Fungus,Glomerales,9
1341_Fungus,Venturiales,8
1341_Fungus,Russulales,7
1341_Fungus,Taphrinomycotina,7
1341_Fungus,Botryosphaeriales,7
1341_Fungus,Malasseziales,6
1341_Fungus,Ophiostomatales,6
1341_Fungus,Magnaporthales,5
1341_Fungus,Nosematidae,5
1341_Fungus,Unikaryonidae,5
1341_Fungus,Hymenochaetales,5
1341_Fungus,Microbotryales,4
1341_Fungus,Microascales,4
1341_Fungus,Ordosporidae,4
1341_Fungus,Gloeophyllales,3
1341_Fungus,Tubulinosematidae,3
1341_Fungus,Mortierellomycotina,3
1341_Fungus,Dacrymycetales,3
1341_Fungus,Myxotrichaceae,2
1341_Fungus,Rhizophydiales,2
1341_Fungus,Pleistophoridae,2
1341_Fungus,Sebacinales,2
1341_Fungus,Atheliales,2
1341_Fungus,Mixiales,2
1341_Fungus,Cryptomycota,2
1341_Fungus,Acidomyces,2
1341_Fungus,Verrucariales,1
1341_Fungus,Cystofilobasidiales,1
1341_Fungus,Jaapiales,1
1341_Fungus,Schizosaccharomycetales,1
1341_Fungus,Geastrales,1
1341_Fungus,Spraguidae,1
1341_Fungus,Georgefischeriales,1
1341_Fungus,Blastocladiales,1
1341_Fungus,Corticiales,1
