Unnamed: 0,Name,Classification,Taxon ID,Assembly,Accession,Species_str,assembly,Core_db,assembly_level,n_chroms,total_length
0,Acidomyces richmondensis BFW,Acidomyces,766039,Acidomyces_richmondensis_BFW_v1.0,GCA_001592465.1,acidomyces_richmondensis_bfw_gca_001592465,Acidomyces richmondensis BFW v1.0,fungi_ascomycota3_collection_core_59_112_1,scaffold,255,17345815
1,Allomyces macrogynus ATCC 38327,Blastocladiales,578462,A_macrogynus_V3,GCA_000151295.1,allomyces_macrogynus_atcc_38327_gca_000151295,A_macrogynus_V3,fungi_blastocladiomycota1_collection_core_59_112_1,scaffold,82,56830841
2,Alternaria arborescens,Pleosporales,156630,ASM415595v1,GCA_004155955.1,alternaria_arborescens_gca_004155955,ASM415595v1,fungi_ascomycota4_collection_core_59_112_1,scaffold,90,32883549
3,Amorphotheca resinae ATCC 22711,Myxotrichaceae,857342,Amore1,GCA_003019875.1,amorphotheca_resinae_atcc_22711_gca_003019875,Amore1,fungi_ascomycota4_collection_core_59_112_1,scaffold,15,28549366
4,Armillaria gallica str. Ar21-2,Agaricales,47427,Armga1,GCA_002307695.1,armillaria_gallica_gca_002307695,Armga1,fungi_basidiomycota1_collection_core_59_112_1,scaffold,149,84394732
5,Arthrobotrys oligospora str. TWF594,Orbiliales,2813651,ASM1106669v1,GCA_011066695.1,arthrobotrys_oligospora_gca_011066695,ASM1106669v1,fungi_ascomycota4_collection_core_59_112_1,scaffold,196,37961571
6,Arthrobotrys oligospora str. TWF703,Orbiliales,2813651,ASM1106659v1,GCA_011066595.1,arthrobotrys_oligospora_gca_011066595,ASM1106659v1,fungi_ascomycota5_collection_core_59_112_1,scaffold,207,37485238
7,Aspergillus brasiliensis CBS 101740,Eurotiales,767769,Aspbr1,GCA_001889945.1,aspergillus_brasiliensis_cbs_101740_gca_001889945,Aspbr1,fungi_ascomycota3_collection_core_59_112_1,scaffold,39,35318963
8,Aspergillus campestris IBT 28561,Eurotiales,1392248,Aspcam1,GCA_002847485.1,aspergillus_campestris_ibt_28561_gca_002847485,Aspcam1,fungi_ascomycota4_collection_core_59_112_1,scaffold,21,27847838
9,Aspergillus flavus AF70,Eurotiales,1392242,ASM95283v1,GCA_000952835.1,aspergillus_flavus_af70_gca_000952835,ASM95283v1,fungi_ascomycota2_collection_core_59_112_1,scaffold,385,29573873
10,Aspergillus lentulus,Eurotiales,293939,ASM1072463v1,GCA_010724635.1,aspergillus_lentulus_gca_010724635,ASM1072463v1,fungi_ascomycota5_collection_core_59_112_1,scaffold,129,29855512
11,Aspergillus niger,Eurotiales,5061,ASM221148v2,GCA_002211485.2,aspergillus_niger_gca_002211485,ASM221148v2,fungi_ascomycota4_collection_core_59_112_1,scaffold,16,35629240
12,Aspergillus ochraceoroseus str. SRRC1432,Eurotiales,138278,ASM98666v1,GCA_000986665.1,aspergillus_ochraceoroseus_gca_000986665,ASM98666v1,fungi_ascomycota2_collection_core_59_112_1,scaffold,149,7127863
13,Aspergillus tubingensis str. WU-2223L,Eurotiales,5068,ASM1334032v1,GCA_013340325.1,aspergillus_tubingensis_gca_013340325,ASM1334032v1,fungi_ascomycota5_collection_core_59_112_1,scaffold,15,35047229
14,Aspergillus udagawae,Eurotiales,91492,ASM1072433v1,GCA_010724335.1,aspergillus_udagawae_gca_010724335,ASM1072433v1,fungi_ascomycota4_collection_core_59_112_1,scaffold,229,29711514
15,Aspergillus udagawae str. IFM 46973,Eurotiales,91492,Aud_assembly01,GCA_001078395.1,aspergillus_udagawae_gca_001078395,Aud_assembly01,fungi_ascomycota3_collection_core_59_112_1,scaffold,111,31563049
16,Aspergillus vadensis CBS 113365,Eurotiales,1448311,Aspvad1,GCA_003184925.1,aspergillus_vadensis_cbs_113365_gca_003184925,Aspvad1,fungi_ascomycota4_collection_core_59_112_1,scaffold,47,35523762
17,Aureobasidium pullulans,Dothideales,5580,ASM491716v1,GCA_004917165.1,aureobasidium_pullulans_gca_004917165,ASM491716v1,fungi_ascomycota4_collection_core_59_112_1,scaffold,291,23965120
18,Aureobasidium pullulans,Dothideales,5580,ASM491816v1,GCA_004918165.1,aureobasidium_pullulans_gca_004918165,ASM491816v1,fungi_ascomycota5_collection_core_59_112_1,scaffold,299,19903157
19,Aureobasidium pullulans,Dothideales,5580,ASM491713v1,GCA_004917135.1,aureobasidium_pullulans_gca_004917135,ASM491713v1,fungi_ascomycota4_collection_core_59_112_1,scaffold,256,16106236
20,Aureobasidium pullulans,Dothideales,5580,ASM491857v1,GCA_004918575.1,aureobasidium_pullulans_gca_004918575,ASM491857v1,fungi_ascomycota5_collection_core_59_112_1,scaffold,216,10633064
21,Aureobasidium pullulans,Dothideales,5580,ASM491759v1,GCA_004917595.1,aureobasidium_pullulans_gca_004917595,ASM491759v1,fungi_ascomycota5_collection_core_59_112_1,scaffold,57,2363468
22,Batrachochytrium dendrobatidis JEL423,Rhizophydiales,403673,BD_JEL423,GCA_000149865.1,batrachochytrium_dendrobatidis_jel423_gca_000149865,BD_JEL423,fungi_chytridiomycota1_collection_core_59_112_1,scaffold,140,21572683
23,Beauveria bassiana ARSEF 2860,Hypocreales,655819,ASM28067v1,GCA_000280675.1,beauveria_bassiana_arsef_2860_gca_000280675,ASM28067v1,fungi_ascomycota1_collection_core_59_112_1,scaffold,91,32673976
24,Bipolaris maydis C5,Pleosporales,701091,CocheC5_3,GCA_000338975.1,bipolaris_maydis_c5_gca_000338975,CocheC5_3,fungi_ascomycota1_collection_core_59_112_1,scaffold,53,36228616
25,Blastomyces parvus str. UAMH130,Onygenales,2060905,Emmon_parv_130,GCA_002572885.1,blastomyces_parvus_gca_002572885,Emmon_parv_130,fungi_ascomycota3_collection_core_59_112_1,scaffold,194,26358659
26,Blumeria graminis f. sp. hordei,Erysiphales,2867405,BghRACE1_v1,GCA_900237765.1,blumeria_graminis_f_sp_hordei_gca_900237765,BghRACE1_v1,fungi_ascomycota4_collection_core_59_112_1,scaffold,90,116244649
27,Botrytis cinerea BcDW1,Sclerotiniaceae,1290391,BcDW1,GCA_000349525.1,botrytis_cinerea_bcdw1_gca_000349525,BcDW1,fungi_ascomycota1_collection_core_59_112_1,scaffold,263,40482746
28,Botrytis elliptica,Sclerotiniaceae,278938,ASM478620v1,GCA_004786205.1,botrytis_elliptica_gca_004786205,ASM478620v1,fungi_ascomycota4_collection_core_59_112_1,scaffold,440,25920801
29,Byssochlamys spectabilis No. 5 str. Paecilomyces variotii No. 5 (NBRC109023),Eurotiales,1356009,PVAR5_assembly01,GCA_000497085.1,byssochlamys_spectabilis_no_5_gca_000497085,PVAR5_assembly01,fungi_ascomycota1_collection_core_59_112_1,scaffold,235,26689106
30,Ceratocystis platani str. CFO,Microascales,88771,ASM97888v1,GCA_000978885.1,ceratocystis_platani_gca_000978885,ASM97888v1,fungi_ascomycota2_collection_core_59_112_1,scaffold,281,22944935
31,Cercospora beticola,Capnodiales,122368,CB0940_V2,GCA_002742065.1,cercospora_beticola_gca_002742065,CB0940_V2,fungi_ascomycota3_collection_core_59_112_1,chromosome,22,36411333
32,Cladophialophora yegresii CBS 114405,Chaetothyriomycetidae,1182544,Clad_yegr_CBS_114405_V1,GCA_000585515.1,cladophialophora_yegresii_cbs_114405_gca_000585515,Clad_yegr_CBS_114405_V1,fungi_ascomycota1_collection_core_59_112_1,scaffold,7,27883451
33,Coccidioides immitis H538.4,Onygenales,396776,ASM14981v1,GCA_000149815.1,coccidioides_immitis_h538_4_gca_000149815,ASM14981v1,fungi_ascomycota3_collection_core_59_112_1,scaffold,110,25463291
34,Colletotrichum asianum,Glomerellales,702518,ASM980641v1,GCA_009806415.1,colletotrichum_asianum_gca_009806415,ASM980641v1,fungi_ascomycota5_collection_core_59_112_1,scaffold,248,62847153
35,Colletotrichum higginsianum str. MAFF305635-RFP,Glomerellales,80884,ASM492035v1,GCA_004920355.1,colletotrichum_higginsianum_gca_004920355,ASM492035v1,fungi_ascomycota4_collection_core_59_112_1,scaffold,18,49586242
36,Colletotrichum simmondsii str. CBS122122,Glomerellales,703756,CSIM01,GCA_001563135.1,colletotrichum_simmondsii_gca_001563135,CSIM01,fungi_ascomycota3_collection_core_59_112_1,scaffold,220,48229682
37,Coniella lustricola str. B22-T-1,Sordariomycetidae,2025994,Coniella_lustricola_v1.0,GCA_003019895.1,coniella_lustricola_gca_003019895,Coniella lustricola v1.0,fungi_ascomycota4_collection_core_59_112_1,scaffold,279,32314172
38,Coniochaeta sp. 2T2.1,Sordariomycetidae,1571157,Conioc1,GCA_009194965.1,coniochaeta_sp_2t2_1_gca_009194965,Conioc1,fungi_ascomycota4_collection_core_59_112_1,scaffold,76,74038000
39,Cryptococcus gattii VGIV IND107,Tremellales,1296105,Cryp_gatt_IND107_V2,GCA_000835755.1,cryptococcus_gattii_vgiv_ind107_gca_000835755,Cryp_gatt_IND107_V2,fungi_basidiomycota1_collection_core_59_112_1,scaffold,30,17639125
40,Cryptococcus neoformans var. grubii A5-35-17,Tremellales,1230080,Cryp_neof_grubii_A5-35-17_V1,GCA_002222215.1,cryptococcus_neoformans_var_grubii_a5_35_17_gca_002222215,Cryp_neof_grubii_A5-35-17_V1,fungi_basidiomycota1_collection_core_59_112_1,scaffold,136,17347517
41,Cryptococcus neoformans var. grubii AD1-83a,Tremellales,1230065,Cryp_neof_AD1_83a_V1,GCA_002215765.1,cryptococcus_neoformans_var_grubii_ad1_83a_gca_002215765,Cryp_neof_AD1_83a_V1,fungi_basidiomycota1_collection_core_59_112_1,scaffold,131,16985362
42,Cryptococcus neoformans var. grubii CHC193,Tremellales,1230064,Cryp_neof_CHC193_V1,GCA_002222295.1,cryptococcus_neoformans_var_grubii_chc193_gca_002222295,Cryp_neof_CHC193_V1,fungi_basidiomycota1_collection_core_59_112_1,scaffold,134,16901474
43,Cryptococcus neoformans var. grubii MW-RSA1955,Tremellales,1230066,Cryp_neof_MW_RSA1955_V1,GCA_002222455.1,cryptococcus_neoformans_var_grubii_mw_rsa1955_gca_002222455,Cryp_neof_MW_RSA1955_V1,fungi_basidiomycota1_collection_core_59_112_1,scaffold,138,16877964
44,Cryptococcus neoformans var. grubii str. WM-1408,Tremellales,178876,Cneo_seroA_WM1408,GCA_002220045.1,cryptococcus_neoformans_var_grubii_gca_002220045,Cneo_seroA_WM1408,fungi_basidiomycota1_collection_core_59_112_1,scaffold,82,17403370
45,Cutaneotrichosporon oleaginosum,Fungi,879819,ASM806530v1,GCA_008065305.1,cutaneotrichosporon_oleaginosum_gca_008065305,ASM806530v1,fungi_basidiomycota2_collection_core_59_112_1,scaffold,8,19820908
46,Cylindrobasidium torrendii FP15055 ss-10,Agaricales,1314674,Cylto1,GCA_000934385.1,cylindrobasidium_torrendii_fp15055_ss_10_gca_000934385,Cylto1,fungi_basidiomycota1_collection_core_59_112_1,scaffold,261,24836413
47,Cyphellophora europaea CBS 101466,Chaetothyriomycetidae,1220924,Phia_euro_CBS_101466_V1,GCA_000365145.2,cyphellophora_europaea_cbs_101466_gca_000365145,Phia_euro_CBS_101466_V1,fungi_ascomycota1_collection_core_59_112_1,scaffold,17,28773177
48,Dacryopinax primogenitus str. DJM-731 SS1,Dacrymycetales,1858805,Dacryopinax_sp._DJM_731_SSP1_v1.0,GCA_000292625.1,dacryopinax_primogenitus_gca_000292625,Dacryopinax sp. DJM 731 SSP1 v1.0,fungi_basidiomycota1_collection_core_59_112_1,scaffold,30,29319562
49,Daedalea quercina L-15889,Polyporales,1314783,Daequ1,GCA_001632345.1,daedalea_quercina_l_15889_gca_001632345,Daequ1,fungi_basidiomycota1_collection_core_59_112_1,scaffold,145,31230371
50,Daldinia sp. EC12,Xylariales,1001832,DalEC12_v.1.0,GCA_002120325.1,daldinia_sp_ec12_gca_002120325,DalEC12 v.1.0,fungi_ascomycota3_collection_core_59_112_1,scaffold,74,36495140
51,Dentipellis fragilis str. DSM 105465,Russulales,205917,ASM467927v1,GCA_004679275.1,dentipellis_fragilis_gca_004679275,ASM467927v1,fungi_basidiomycota2_collection_core_59_112_1,scaffold,254,13635412
52,Dichomitus squalens str. CBS 463.89,Polyporales,114155,Dicsqu463_1,GCA_004307915.1,dichomitus_squalens_gca_004307915,Dicsqu463_1,fungi_basidiomycota2_collection_core_59_112_1,scaffold,330,28120333
53,Diplodia corticola str. CBS 112549,Botryosphaeriales,236234,ASM188384v1,GCA_001883845.1,diplodia_corticola_gca_001883845,ASM188384v1,fungi_ascomycota3_collection_core_59_112_1,scaffold,118,34400399
54,Diplodia seriata str. F98.1,Botryosphaeriales,420778,Dipser_v1,GCA_001975905.1,diplodia_seriata_gca_001975905,Dipser v1,fungi_ascomycota3_collection_core_59_112_1,scaffold,25,37018373
55,Elsinoe ampelina str. CECT 20119,Dothideomycetes,302913,Elsamp1,GCA_010093995.1,elsinoe_ampelina_gca_010093995,Elsamp1,fungi_ascomycota4_collection_core_59_112_1,scaffold,49,27447604
56,Encephalitozoon cuniculi GB-M1,Unikaryonidae,284813,ASM9122v2,GCA_000091225.2,encephalitozoon_cuniculi_gb_m1_gca_000091225,ASM9122v2,fungi_microsporidia1_collection_core_59_112_1,chromosome,11,2497519
57,Endocarpon pusillum Z07020,Verrucariales,1263415,EPUS,GCA_000464535.1,endocarpon_pusillum_z07020_gca_000464535,EPUS,fungi_ascomycota1_collection_core_59_112_1,scaffold,199,31177709
58,Endogone sp. FLAS-F59071,Mucoromycotina,2340872,Endsp1,GCA_003990785.1,endogone_sp_flas_f59071_gca_003990785,Endsp1,fungi_mucoromycota1_collection_core_59_112_1,scaffold,221,9802896
59,Erysiphe necator,Erysiphales,52586,ASM79871v1,GCA_000798715.1,erysiphe_necator_gca_000798715,ASM79871v1,fungi_ascomycota2_collection_core_59_112_1,scaffold,315,15870708
60,Fonsecaea monophora,Chaetothyriomycetidae,254056,ASM164247v1,GCA_001642475.1,fonsecaea_monophora_gca_001642475,ASM164247v1,fungi_ascomycota3_collection_core_59_112_1,scaffold,188,34025205
61,Friedmanniomyces endolithicus,Capnodiales,329885,ASM505985v1,GCA_005059855.1,friedmanniomyces_endolithicus_gca_005059855,ASM505985v1,fungi_ascomycota5_collection_core_59_112_1,scaffold,188,44765490
62,Fusarium flagelliforme,Hypocreales,2675880,FIESC_12_NRRL13405_FIE12Z_contigs,GCA_003012295.1,fusarium_flagelliforme_gca_003012295,FIESC_12_NRRL13405_FIE12Z_contigs,fungi_ascomycota5_collection_core_59_112_1,scaffold,331,34930782
63,Fusarium fujikuroi,Hypocreales,5127,ASM102303v1,GCA_001023035.1,fusarium_fujikuroi_gca_001023035,ASM102303v1,fungi_ascomycota2_collection_core_59_112_1,scaffold,68,42775465
64,Fusarium fujikuroi,Hypocreales,5127,version_1,GCA_900096645.1,fusarium_fujikuroi_gca_900096645,version 1,fungi_ascomycota4_collection_core_59_112_1,scaffold,17,45424065
65,Fusarium odoratissimum NRRL 54006 str. 54006 (II5),Hypocreales,1089451,FO_II5_V1,GCA_000260195.2,fusarium_odoratissimum_nrrl_54006_gca_000260195,FO_II5_V1,fungi_ascomycota1_collection_core_59_112_1,scaffold,95,45075832
66,Fusarium oxysporum,Hypocreales,5507,Fo_A13_v1,GCA_003615115.1,fusarium_oxysporum_gca_003615115,Fo_A13_v1,fungi_ascomycota5_collection_core_59_112_1,scaffold,294,43917829
67,Fusarium oxysporum f. sp. vasinfectum 25433 str. 25433 (Cotton),Hypocreales,1089449,FO_Cotton_V1,GCA_000260175.2,fusarium_oxysporum_f_sp_vasinfectum_25433_gca_000260175,FO_Cotton_V1,fungi_ascomycota1_collection_core_59_112_1,scaffold,204,46768786
68,Fusarium proliferatum str. ITEM 2341,Hypocreales,948311,FPRO05,GCA_003290285.1,fusarium_proliferatum_gca_003290285,FPRO05,fungi_ascomycota4_collection_core_59_112_1,scaffold,47,45008849
69,Ganoderma sinense ZZ0214-1,Polyporales,1077348,GanSi1.6,GCA_002760635.1,ganoderma_sinense_zz0214_1_gca_002760635,GanSi1.6,fungi_basidiomycota1_collection_core_59_112_1,scaffold,51,48764847
70,Gonapodya prolifera JEL478,Chytridiomycota,1344416,Ganpr1,GCA_001574975.1,gonapodya_prolifera_jel478_gca_001574975,Ganpr1,fungi_chytridiomycota1_collection_core_59_112_1,scaffold,176,47521008
71,Grosmannia clavigera kw1407,Ophiostomatales,655863,Sanger-454-IlluminaPA_2.0,GCA_000143105.2,grosmannia_clavigera_kw1407_gca_000143105,Sanger-454-IlluminaPA_2.0,fungi_ascomycota1_collection_core_59_112_1,scaffold,31,28972505
72,Gymnopus androsaceus JB14,Agaricales,1447944,Gyman1,GCA_009733575.1,gymnopus_androsaceus_jb14_gca_009733575,Gyman1,fungi_basidiomycota2_collection_core_59_112_1,scaffold,549,76488338
73,Hamiltosporidium magnivora,Microsporidia,148818,BEOM2_v1,GCA_004325065.1,hamiltosporidium_magnivora_gca_004325065,BEOM2 v1,fungi_microsporidia1_collection_core_59_112_1,scaffold,28,1157446
74,Heliocybe sulcata str. OMC1185,Gloeophyllales,5364,Helsul1,GCA_004369045.1,heliocybe_sulcata_gca_004369045,Helsul1,fungi_basidiomycota1_collection_core_59_112_1,scaffold,49,31779182
75,Hericium alpestre str. DSM 108284,Russulales,135208,ASM468113v1,GCA_004681135.1,hericium_alpestre_gca_004681135,ASM468113v1,fungi_basidiomycota1_collection_core_59_112_1,scaffold,151,6819407
76,Hesseltinella vesiculosa str. NRRL 3301,Mucoromycotina,101127,Hesve2,GCA_002104935.1,hesseltinella_vesiculosa_gca_002104935,Hesve2,fungi_mucoromycota1_collection_core_59_112_1,scaffold,68,26789740
77,Hortaea werneckii,Capnodiales,91943,ASM370461v1,GCA_003704615.1,hortaea_werneckii_gca_003704615,ASM370461v1,fungi_ascomycota4_collection_core_59_112_1,scaffold,502,33421565
78,Hortaea werneckii,Capnodiales,91943,ASM370464v1,GCA_003704645.1,hortaea_werneckii_gca_003704645,ASM370464v1,fungi_ascomycota5_collection_core_59_112_1,scaffold,226,23254996
79,Jaapia argillacea MUCL 33604,Jaapiales,933084,Jaaar1,GCA_000697665.1,jaapia_argillacea_mucl_33604_gca_000697665,Jaaar1,fungi_basidiomycota1_collection_core_59_112_1,scaffold,88,44099178
80,Kwoniella mangroviensis CBS 8886,Tremellales,1296123,Kwon_mang_CBS8886_V1,GCA_000507485.3,kwoniella_mangroviensis_cbs_8886_gca_000507485,Kwon_mang_CBS8886_V1,fungi_basidiomycota1_collection_core_59_112_1,scaffold,18,22768112
81,Lachnellula arida str. CBS 203.66,Helotiales,1316785,CFIA_Lari_EG2017,GCA_007821475.1,lachnellula_arida_gca_007821475,CFIA_Lari_EG2017,fungi_ascomycota4_collection_core_59_112_1,scaffold,415,24068019
82,Lachnellula cervina str. CBS 625.97,Helotiales,1316786,CFIA_Lcer_EG2017,GCA_007825325.1,lachnellula_cervina_gca_007825325,CFIA_Lcer_EG2017,fungi_ascomycota5_collection_core_59_112_1,scaffold,367,18751086
83,Linnemannia elongata AG-77,Mortierellomycotina,1314771,Mortierella_elongata_AG-77_v2.0,GCA_001651415.1,mortierella_elongata_ag_77_gca_001651415,Mortierella elongata AG-77 v2.0,fungi_mucoromycota1_collection_core_59_112_1,scaffold,157,48328183
84,Magnaporthe poae,Magnaporthales,644358,Mag_poae_ATCC_64411_V1,GCA_000193285.1,magnaporthe_poae,Mag_poae_ATCC_64411_V1,magnaporthe_poae_core_59_112_1,scaffold,31,38502024
85,Malassezia pachydermatis,Malasseziales,77020,MalaPachy,GCA_001278385.1,malassezia_pachydermatis_gca_001278385,MalaPachy,fungi_basidiomycota1_collection_core_59_112_1,scaffold,14,8049838
86,Malassezia sympodialis ATCC 42132,Malasseziales,1230383,ASM34930v2,GCA_000349305.2,malassezia_sympodialis_atcc_42132_gca_000349305,ASM34930v2,fungi_basidiomycota1_collection_core_59_112_1,scaffold,29,7569340
87,Microbotryum saponariae,Microbotryales,289078,MvSof1,GCA_900102585.1,microbotryum_saponariae_gca_900102585,MvSof1,fungi_basidiomycota1_collection_core_59_112_1,scaffold,37,27864074
88,Microthyrium microscopicum str. CBS 115976,Dothideomycetes,703497,Micmi1,GCA_010405405.1,microthyrium_microscopicum_gca_010405405,Micmi1,fungi_ascomycota5_collection_core_59_112_1,scaffold,19,36994383
89,Mixia osmundae IAM 14324,Mixiales,764103,Mosmundae_2.0,GCA_000241205.2,mixia_osmundae_iam_14324_gca_000241205,Mosmundae_2.0,fungi_basidiomycota1_collection_core_59_112_1,scaffold,68,12792937
90,Moesziomyces antarcticus str. JCM 10317,Ustilaginales,84753,ASM74776v1,GCA_000747765.1,moesziomyces_antarcticus_gca_000747765,ASM74776v1,fungi_basidiomycota1_collection_core_59_112_1,scaffold,33,16664280
91,Moesziomyces aphidis DSM 70725,Ustilaginales,84754,PseuAph1.0,GCA_000517465.1,moesziomyces_aphidis_dsm_70725_gca_000517465,PseuAph1.0,fungi_basidiomycota1_collection_core_59_112_1,scaffold,24,17864854
92,Monosporascus cannonballus,Xylariales,155416,ASM415492v1,GCA_004154925.1,monosporascus_cannonballus_gca_004154925,ASM415492v1,fungi_ascomycota5_collection_core_59_112_1,scaffold,483,86209187
93,Monosporascus sp. MC13-8B,Xylariales,2211646,ASM415497v1,GCA_004154975.1,monosporascus_sp_mc13_8b_gca_004154975,ASM415497v1,fungi_ascomycota4_collection_core_59_112_1,scaffold,677,82916541
94,Morchella conica CCBAS932,Pezizales,1392247,Morco1,GCA_003790465.1,morchella_conica_ccbas932_gca_003790465,Morco1,fungi_ascomycota5_collection_core_59_112_1,scaffold,123,45560162
95,Naematelia encephala str. 68-887.2,Tremellales,71784,Treen1,GCA_002105065.1,naematelia_encephala_gca_002105065,Treen1,fungi_basidiomycota1_collection_core_59_112_1,scaffold,122,19422649
96,Nematocida sp. ERTm5,Microsporidia,1805481,ASM164241v1,GCA_001642415.1,nematocida_sp_ertm5_gca_001642415,ASM164241v1,fungi_microsporidia1_collection_core_59_112_1,scaffold,41,3853129
97,Nosema bombycis CQ1,Nosematidae,578461,NosBomCQ1_v1.0,GCA_000383075.1,nosema_bombycis_cq1_gca_000383075,NosBomCQ1_v1.0,fungi_microsporidia1_collection_core_59_112_1,scaffold,79,9336765
98,Ophiobolus disseminans str. CBS 113818,Pleosporales,1469910,Ophdi1,GCA_010093685.1,ophiobolus_disseminans_gca_010093685,Ophdi1,fungi_ascomycota5_collection_core_59_112_1,scaffold,48,41493096
99,Ophiocordyceps australis,Hypocreales,1399860,OphauG2,GCA_002591405.1,ophiocordyceps_australis_gca_002591405,OphauG2,fungi_ascomycota4_collection_core_59_112_1,scaffold,119,5425556
100,Ordospora colligata OC4,Ordosporidae,1354746,ASM80326v1,GCA_000803265.1,ordospora_colligata_oc4_gca_000803265,ASM80326v1,fungi_microsporidia1_collection_core_59_112_1,scaffold,12,2262524
101,Paracoccidioides brasiliensis str. Pb300,Onygenales,121759,ASM171364v1,GCA_001713645.1,paracoccidioides_brasiliensis_gca_001713645,ASM171364v1,fungi_ascomycota3_collection_core_59_112_1,scaffold,285,19814766
102,Paramicrosporidium saccamoebae str. KSL3,Cryptomycota,1246581,KSL3_v6,GCA_002794465.1,paramicrosporidium_saccamoebae_gca_002794465,KSL3_v6,fungi_rozellomycota1_collection_core_59_112_1,scaffold,68,5416106
103,Penicillium antarcticum,Eurotiales,416450,ASM207234v1,GCA_002072345.1,penicillium_antarcticum_gca_002072345,ASM207234v1,fungi_ascomycota3_collection_core_59_112_1,scaffold,81,28215430
104,Penicillium griseofulvum str. PG3,Eurotiales,5078,ASM156193v1,GCA_001561935.1,penicillium_griseofulvum_gca_001561935,ASM156193v1,fungi_ascomycota3_collection_core_59_112_1,scaffold,32,28797017
105,Phaeosphaeria nodorum,Dothideomycetes,321614,ASM14691v1,GCA_000146915.1,phaeosphaeria_nodorum,ASM14691v1,phaeosphaeria_nodorum_core_59_112_1,scaffold,55,36827462
106,Phaffia rhodozyma,Cystofilobasidiales,264483,Xden1,GCA_001007165.2,phaffia_rhodozyma_gca_001007165,Xden1,fungi_basidiomycota1_collection_core_59_112_1,scaffold,17,19253843
107,Phialophora americana str. CBS 27337,Chaetothyriomycetidae,5601,Capr_semi_CBS27337_V1,GCA_000835435.1,phialophora_americana_gca_000835435,Capr_semi_CBS27337_V1,fungi_ascomycota2_collection_core_59_112_1,scaffold,8,31607414
108,Piloderma croceum F 1598,Atheliales,765440,Piloderma_croceum_F_1598_v1.0,GCA_000827315.1,piloderma_croceum_f_1598_gca_000827315,Piloderma croceum F 1598 v1.0,fungi_basidiomycota1_collection_core_59_112_1,scaffold,188,55519776
109,Pisolithus tinctorius Marx 270,Boletales,870435,Pisolithus_tinctorius_Marx_270_v1.0,GCA_000827335.1,pisolithus_tinctorius_marx_270_gca_000827335,Pisolithus tinctorius Marx 270 v1.0,fungi_basidiomycota1_collection_core_59_112_1,scaffold,217,68374003
110,Pneumocystis carinii B80,Taphrinomycotina,1408658,Pneu_cari_B80_V3,GCA_001477545.1,pneumocystis_carinii_b80_gca_001477545,Pneu_cari_B80_V3,fungi_ascomycota3_collection_core_59_112_1,scaffold,17,7493470
111,Psathyrella aberdarensis str. IHI B618,Agaricales,2316362,ASM412641v1,GCA_004126415.1,psathyrella_aberdarensis_gca_004126415,ASM412641v1,fungi_basidiomycota2_collection_core_59_112_1,scaffold,572,42019383
112,Pseudogymnoascus sp. 03VT05,Pseudeurotiaceae,1622148,ASM166264v1,GCA_001662645.1,pseudogymnoascus_sp_03vt05_gca_001662645,ASM166264v1,fungi_ascomycota3_collection_core_59_112_1,scaffold,276,28539940
113,Pseudogymnoascus sp. VKM F-4281 (FW-2241),Pseudeurotiaceae,1420906,DG6,GCA_000750745.1,pseudogymnoascus_sp_vkm_f_4281_fw_2241_gca_000750745,DG6,fungi_ascomycota2_collection_core_59_112_1,scaffold,152,7331353
114,Pseudogymnoascus sp. VKM F-4518 (FW-2643),Pseudeurotiaceae,1420913,DG36,GCA_000750925.1,pseudogymnoascus_sp_vkm_f_4518_fw_2643_gca_000750925,DG36,fungi_ascomycota2_collection_core_59_112_1,scaffold,278,14961153
115,Puccinia striiformis,Pucciniales,27350,ASM292020v1,GCA_002920205.1,puccinia_striiformis_gca_002920205,ASM292020v1,fungi_basidiomycota1_collection_core_59_112_1,scaffold,488,75514383
116,Puccinia striiformis,Pucciniales,27350,ASM292006v1,GCA_002920065.1,puccinia_striiformis_gca_002920065,ASM292006v1,fungi_basidiomycota1_collection_core_59_112_1,scaffold,418,82673051
117,Punctularia strigosozonata HHB-11173 SS5,Corticiales,741275,Punctularia_strigosozonata_v1.0,GCA_000264995.1,punctularia_strigosozonata_hhb_11173_ss5_gca_000264995,Punctularia strigosozonata v1.0,fungi_basidiomycota1_collection_core_59_112_1,scaffold,27,33581245
118,Pyrenophora teres f. teres,Pleosporales,97479,ASM972863v1,GCA_009728635.1,pyrenophora_teres_f_teres_gca_009728635,ASM972863v1,fungi_ascomycota5_collection_core_59_112_1,scaffold,55,50281969
119,Pyrenophora teres f. teres,Pleosporales,97479,ERZ370274,GCA_900232045.2,pyrenophora_teres_f_teres_gca_900232045,ERZ370274,fungi_ascomycota5_collection_core_59_112_1,scaffold,42,52685543
120,Pyrenophora tritici-repentis,Pleosporales,45151,Ptr11137,GCA_003231355.1,pyrenophora_tritici_repentis_gca_003231355,Ptr11137,fungi_ascomycota4_collection_core_59_112_1,scaffold,289,25125209
121,Rhizoctonia solani 123E,Cantharellales,1423351,Rhizoctonia_solani_123E_v1,GCA_000715385.1,rhizoctonia_solani_123e_gca_000715385,Rhizoctonia solani 123E v1,fungi_basidiomycota1_collection_core_59_112_1,scaffold,295,18855886
122,Rhizoctonia solani AG-3 Rhs1AP,Cantharellales,1086054,Rhizoctonia_solani_AG-3,GCA_000524645.1,rhizoctonia_solani_ag_3_rhs1ap_gca_000524645,Rhizoctonia solani AG-3,fungi_basidiomycota1_collection_core_59_112_1,scaffold,29,48940180
123,Rhizophagus irregularis DAOM 181602=DAOM 197198,Glomerales,747089,ASM43914v3,GCA_000439145.3,rhizophagus_irregularis_daom_181602_gca_000439145,ASM43914v3,fungi_mucoromycota1_collection_core_59_112_1,scaffold,608,132944308
124,Rhizophagus irregularis str. A5,Glomerales,588596,ASM159320v1,GCA_001593205.1,rhizophagus_irregularis_gca_001593205,ASM159320v1,fungi_mucoromycota1_collection_core_59_112_1,scaffold,1139,73562399
125,Rhizopus microsporus str. ATCC 11559,Mucoromycotina,58291,Rhimi_ATCC11559_1,GCA_002083735.1,rhizopus_microsporus_gca_002083735,Rhimi_ATCC11559_1,fungi_mucoromycota1_collection_core_59_112_1,scaffold,238,20249821
126,Rhodotorula toruloides,Sporidiobolales,5286,IFO0880_HGAP3_v1,GCA_001255795.1,rhodotorula_toruloides_gca_001255795,IFO0880_HGAP3_v1,fungi_basidiomycota1_collection_core_59_112_1,scaffold,18,20566053
127,Rhodotorula toruloides str. NBRC10032,Sporidiobolales,5286,Rt10032-v1,GCA_007990605.1,rhodotorula_toruloides_gca_007990605,Rt10032-v1,fungi_basidiomycota2_collection_core_59_112_1,scaffold,29,19627473
128,Rhynchosporium agropyri,Helotiales,914238,version_1,GCA_900074905.1,rhynchosporium_agropyri_gca_900074905,version 1,fungi_ascomycota3_collection_core_59_112_1,scaffold,241,50026775
129,Saitoella complicata NRRL Y-17804,Taphrinomycotina,698492,Saico1,GCA_001661265.1,saitoella_complicata_nrrl_y_17804_gca_001661265,Saico1,fungi_ascomycota3_collection_core_59_112_1,scaffold,33,14101419
130,Schizopora paradoxa str. KUC8140,Hymenochaetales,27342,Schpa1,GCA_001020605.1,schizopora_paradoxa_gca_001020605,Schpa1,fungi_basidiomycota1_collection_core_59_112_1,scaffold,329,37445053
131,Schizosaccharomyces pombe,Schizosaccharomycetales,284812,ASM294v2,GCA_000002945.2,schizosaccharomyces_pombe,ASM294v2,schizosaccharomyces_pombe_core_59_112_2,chromosome,3,12571820
132,Sclerotinia sclerotiorum,Sclerotiniaceae,665079,ASM14694v1,GCA_000146945.1,sclerotinia_sclerotiorum,ASM14694v1,sclerotinia_sclerotiorum_core_59_112_1,scaffold,22,27216768
133,Serendipita indica DSM 11827,Sebacinales,1109443,ASM31354v1,GCA_000313545.1,serendipita_indica_dsm_11827_gca_000313545,ASM31354v1,fungi_basidiomycota1_collection_core_59_112_1,scaffold,226,16398444
134,Serpula lacrymans var. lacrymans S7.9,Boletales,578457,v1.0,GCA_000218685.1,serpula_lacrymans_var_lacrymans_s7_9_gca_000218685,v1.0,fungi_basidiomycota1_collection_core_59_112_1,scaffold,24,42626765
135,Sphaerobolus stellatus SS14,Geastrales,990650,Sphst1,GCA_000827215.1,sphaerobolus_stellatus_ss14_gca_000827215,Sphst1,fungi_basidiomycota1_collection_core_59_112_1,scaffold,563,170373939
136,Spizellomyces sp. 'palustris' str. CBS 455.65,Chytridiomycota,117820,ASM653596v1,GCA_006535965.1,spizellomyces_sp_palustris_gca_006535965,ASM653596v1,fungi_chytridiomycota1_collection_core_59_112_1,scaffold,138,22076776
137,Sporothrix schenckii ATCC 58251,Ophiostomatales,1391915,Spor_sche_ATCC58251_V1,GCA_000474925.1,sporothrix_schenckii_atcc_58251_gca_000474925,Spor_sche_ATCC58251_V1,fungi_ascomycota1_collection_core_59_112_1,scaffold,17,32192679
138,Spraguea lophii 42_110,Spraguidae,1358809,Sprlop1.0,GCA_000430065.1,spraguea_lophii_42_110_gca_000430065,Sprlop1.0,fungi_microsporidia1_collection_core_59_112_1,scaffold,2,85988
139,Stachybotrys chlorohalonata IBT 40285,Hypocreales,1283841,S40285v1,GCA_000732775.1,stachybotrys_chlorohalonata_ibt_40285_gca_000732775,S40285v1,fungi_ascomycota1_collection_core_59_112_1,scaffold,244,27673730
140,Talaromyces rugulosus str. W13939,Eurotiales,121627,ASM1336875v1,GCA_013368755.1,talaromyces_rugulosus_gca_013368755,ASM1336875v1,fungi_ascomycota5_collection_core_59_112_1,chromosome,6,35758560
141,Thermothelomyces thermophilus ATCC 42464,Sordariales,573729,ASM22609v1,GCA_000226095.1,thermothelomyces_thermophilus_atcc_42464_gca_000226095,ASM22609v1,fungi_ascomycota1_collection_core_59_112_1,chromosome,7,38744216
142,Thermothielavioides terrestris NRRL 8126,Sordariales,578455,ASM22611v1,GCA_000226115.1,thermothielavioides_terrestris_nrrl_8126_gca_000226115,ASM22611v1,fungi_ascomycota1_collection_core_59_112_1,chromosome,6,36912256
143,Tilletiaria anomala UBC 951,Georgefischeriales,1037660,Tilletiaria_anomala_UBC_951_v1.0,GCA_000711695.1,tilletiaria_anomala_ubc_951_gca_000711695,Tilletiaria anomala UBC 951 v1.0,fungi_basidiomycota1_collection_core_59_112_1,scaffold,145,17172630
144,Tolypocladium ophioglossoides CBS 100239,Hypocreales,1163406,Tophv1.0,GCA_001189435.1,tolypocladium_ophioglossoides_cbs_100239_gca_001189435,Tophv1.0,fungi_ascomycota3_collection_core_59_112_1,scaffold,71,30748177
145,Trametes pubescens str. FBCC735,Polyporales,154538,ASM189594v1,GCA_001895945.1,trametes_pubescens_gca_001895945,ASM189594v1,fungi_basidiomycota1_collection_core_59_112_1,scaffold,360,30000214
146,Trematosphaeria pertusa str. CBS 122368,Pleosporales,390896,Trepe1,GCA_010094035.1,trematosphaeria_pertusa_gca_010094035,Trepe1,fungi_ascomycota4_collection_core_59_112_1,scaffold,45,47410588
147,Trichoderma asperellum CBS 433.97,Hypocreales,1042311,Trias_v._1.0,GCA_003025105.1,trichoderma_asperellum_cbs_433_97_gca_003025105,Trias v. 1.0,fungi_ascomycota4_collection_core_59_112_1,scaffold,42,35963518
148,Trichoderma harzianum str. TR274,Hypocreales,5544,ASM283884v1,GCA_002838845.1,trichoderma_harzianum_gca_002838845,ASM283884v1,fungi_ascomycota3_collection_core_59_112_1,scaffold,404,22986597
149,Trichophyton interdigitale MR816,Onygenales,1215338,Tric_inte_MR816_V1,GCA_000622975.1,trichophyton_interdigitale_mr816_gca_000622975,Tric_inte_MR816_V1,fungi_ascomycota1_collection_core_59_112_1,scaffold,248,16866797
150,Trichophyton rubrum CBS 100081,Onygenales,1215328,Tric_fish_CBS_100081_V1,GCA_000616805.1,trichophyton_rubrum_cbs_100081_gca_000616805,Tric_fish_CBS_100081_V1,fungi_ascomycota1_collection_core_59_112_1,scaffold,170,20298494
151,Trichosporon asahii var. asahii CBS 8904,Fungi,1220162,ASM29921v2,GCA_000299215.2,trichosporon_asahii_var_asahii_cbs_8904_gca_000299215,ASM29921v2,fungi_basidiomycota1_collection_core_59_112_1,scaffold,18,24718891
152,Tuber borchii str. Tbo3840,Pezizales,42251,Tubbor1,GCA_003070745.1,tuber_borchii_gca_003070745,Tubbor1,fungi_ascomycota4_collection_core_59_112_1,scaffold,602,91967872
153,Tubulinosema ratisbonensis str. Franzen,Tubulinosematidae,291195,ASM400015v1,GCA_004000155.1,tubulinosema_ratisbonensis_gca_004000155,ASM400015v1,fungi_microsporidia1_collection_core_59_112_1,scaffold,15,592166
154,Vavraia culicis subsp. floridensis,Pleistophoridae,948595,Vavr_culi_floridensis_V1,GCA_000192795.1,vavraia_culicis_subsp_floridensis_gca_000192795,Vavr_culi_floridensis_V1,fungi_microsporidia1_collection_core_59_112_1,scaffold,56,5170270
155,Venturia inaequalis,Venturiales,5025,ASM976942v1,GCA_009769425.1,venturia_inaequalis_gca_009769425,ASM976942v1,fungi_ascomycota5_collection_core_59_112_1,scaffold,467,33497470
156,Venturia inaequalis,Venturiales,5025,ASM976944v1,GCA_009769445.1,venturia_inaequalis_gca_009769445,ASM976944v1,fungi_ascomycota5_collection_core_59_112_1,scaffold,331,18372588
157,Verticillium dahliae,Glomerellales,27337,ASM289299v1,GCA_002892995.1,verticillium_dahliae_gca_002892995,ASM289299v1,fungi_ascomycota4_collection_core_59_112_1,scaffold,325,26890021
158,Vittaforma corneae ATCC 50505,Nosematidae,993615,Vitt_corn_V1,GCA_000231115.1,vittaforma_corneae_atcc_50505_gca_000231115,Vitt_corn_V1,fungi_microsporidia1_collection_core_59_112_1,scaffold,26,2837663
159,Wallemia ichthyophaga,Wallemiales,245174,ASM491841v1,GCA_004918415.1,wallemia_ichthyophaga_gca_004918415,ASM491841v1,fungi_basidiomycota1_collection_core_59_112_1,scaffold,74,8738385
160,Wallemia ichthyophaga,Wallemiales,245174,ASM491862v1,GCA_004918625.1,wallemia_ichthyophaga_gca_004918625,ASM491862v1,fungi_basidiomycota1_collection_core_59_112_1,scaffold,71,8729136
161,Wallemia mellicola,Wallemiales,1708541,ASM491793v1,GCA_004917935.1,wallemia_mellicola_gca_004917935,ASM491793v1,fungi_basidiomycota2_collection_core_59_112_1,scaffold,73,8874650
162,Wallemia mellicola,Wallemiales,1708541,ASM491807v1,GCA_004918075.1,wallemia_mellicola_gca_004918075,ASM491807v1,fungi_basidiomycota1_collection_core_59_112_1,scaffold,67,8966548
163,Wallemia mellicola CBS 633.66,Wallemiales,671144,Wallemia_sebi_v1.0,GCA_000263375.1,wallemia_mellicola_cbs_633_66_gca_000263375,Wallemia sebi v1.0,fungi_basidiomycota1_collection_core_59_112_1,scaffold,35,9606085
164,Xylona heveae TC161,Fungi,1328760,Xylona_heveae_TC161_v1.0,GCA_001619985.1,xylona_heveae_tc161_gca_001619985,Xylona heveae TC161 v1.0,fungi_ascomycota3_collection_core_59_112_1,scaffold,16,24272946
