gene,tracks,timepoints,first_timepoint,last_timepoint,partition,mean_replicates_per_timepoint
MET4,89,8,0,90,8_TF,11.12
CUP2,78,8,0,90,8_TF,9.75
NDT80,75,8,0,90,8_TF,9.38
MSN2,74,8,0,90,8_TF,9.25
RPN4,71,8,0,90,8_TF,8.88
MSN4,70,8,0,90,8_TF,8.75
GAT4,68,8,0,90,8_TF,8.5
ARG80,55,8,0,90,8_TF,6.88
ARL1,15,8,0,180,gene_panel,1.88
ECM33,14,7,0,180,gene_panel,2.0
SPT7,14,8,0,180,gene_panel,1.75
TAT1,14,7,0,180,gene_panel,2.0
SIF2,13,8,0,180,gene_panel,1.62
TCM62,13,8,0,180,gene_panel,1.62
LDB7,12,7,0,120,gene_panel,1.71
SND3,12,8,0,180,gene_panel,1.5
SWC5,12,8,0,180,gene_panel,1.5
AKL1,11,6,0,180,gene_panel,1.83
CCR4,11,6,0,180,gene_panel,1.83
NHP6B,11,7,0,180,gene_panel,1.57
REG2,11,6,0,180,gene_panel,1.83
CYC8,10,5,20,180,gene_panel,2.0
HPC2,10,5,20,180,gene_panel,2.0
ISW1,10,8,0,180,gene_panel,1.25
DEF1,9,8,0,180,gene_panel,1.12
RXT2,9,6,0,120,gene_panel,1.5
SHP1,9,5,0,180,gene_panel,1.8
SUS1,9,7,0,180,gene_panel,1.29
UBC4,9,6,0,180,gene_panel,1.5
VPS15,9,6,5,180,gene_panel,1.5
ALF1,8,8,0,180,gene_panel,1.0
APL6,8,8,0,180,gene_panel,1.0
APS3,8,8,0,180,gene_panel,1.0
ARF1,8,8,0,180,gene_panel,1.0
ARG82,8,8,0,180,gene_panel,1.0
ARL3,8,8,0,180,gene_panel,1.0
ARO3,8,8,0,180,gene_panel,1.0
ARO7,8,8,0,180,gene_panel,1.0
ARP5,8,8,0,180,gene_panel,1.0
ASC1,8,8,0,180,gene_panel,1.0
ASF2,8,8,0,180,gene_panel,1.0
ATG33,8,8,0,180,gene_panel,1.0
BEM4,8,8,0,180,gene_panel,1.0
BFR1,8,8,0,180,gene_panel,1.0
BXI1,8,8,0,180,gene_panel,1.0
CAC2,8,8,0,180,gene_panel,1.0
CAF120,8,8,0,180,gene_panel,1.0
CCZ1,8,8,0,180,gene_panel,1.0
CGI121,8,8,0,180,gene_panel,1.0
CHC1,8,8,0,180,gene_panel,1.0
CHS5,8,8,0,180,gene_panel,1.0
CIN2,8,8,0,180,gene_panel,1.0
CKA2,8,8,0,180,gene_panel,1.0
CKB1,8,8,0,180,gene_panel,1.0
CLN1,8,8,0,180,gene_panel,1.0
CLN2,8,8,0,180,gene_panel,1.0
COG5,8,8,0,180,gene_panel,1.0
COG8,8,8,0,180,gene_panel,1.0
CSF1,8,8,0,180,gene_panel,1.0
CTF4,8,8,0,180,gene_panel,1.0
DBF20,8,8,0,180,gene_panel,1.0
DID4,8,8,0,180,gene_panel,1.0
DMA1,8,8,0,180,gene_panel,1.0
DOT6,8,8,0,180,gene_panel,1.0
DUN1,8,8,0,180,gene_panel,1.0
EAP1,8,8,0,180,gene_panel,1.0
ELM1,8,8,0,180,gene_panel,1.0
END3,8,8,0,180,gene_panel,1.0
ENV11,8,8,0,180,gene_panel,1.0
EOS1,8,8,0,180,gene_panel,1.0
ERD1,8,8,0,180,gene_panel,1.0
ERG2,8,8,0,180,gene_panel,1.0
ERG4,8,8,0,180,gene_panel,1.0
ERG5,8,8,0,180,gene_panel,1.0
ERG6,8,8,0,180,gene_panel,1.0
EST3,8,8,0,180,gene_panel,1.0
FYV6,8,8,0,180,gene_panel,1.0
GAS1,8,8,0,180,gene_panel,1.0
GCV1,8,8,0,180,gene_panel,1.0
GEP3,8,8,0,180,gene_panel,1.0
GET1,8,8,0,180,gene_panel,1.0
GET2,8,8,0,180,gene_panel,1.0
GGA1,8,8,0,180,gene_panel,1.0
GPA1,8,8,0,180,gene_panel,1.0
GPP1,8,8,0,180,gene_panel,1.0
GPR1,8,8,0,180,gene_panel,1.0
GRR1,8,8,0,180,gene_panel,1.0
GSP1,8,8,0,180,gene_panel,1.0
GUT1,8,8,0,180,gene_panel,1.0
HAL9,8,8,0,180,gene_panel,1.0
HEL2,8,8,0,180,gene_panel,1.0
HMS2,8,8,0,180,gene_panel,1.0
HOF1,8,8,0,180,gene_panel,1.0
HPR1,8,8,0,180,gene_panel,1.0
HTZ1,8,8,0,180,gene_panel,1.0
HXK2,8,8,0,180,gene_panel,1.0
IBA57,8,8,0,180,gene_panel,1.0
IES6,8,8,0,180,gene_panel,1.0
ILM1,8,8,0,180,gene_panel,1.0
INO2,8,8,0,180,gene_panel,1.0
INP53,8,8,0,180,gene_panel,1.0
IRC3,8,8,0,180,gene_panel,1.0
ISR1,8,8,0,180,gene_panel,1.0
IST1,8,8,0,180,gene_panel,1.0
JHD2,8,8,0,180,gene_panel,1.0
KIN2,8,8,0,180,gene_panel,1.0
KSP1,8,8,0,180,gene_panel,1.0
LSB1,8,8,0,180,gene_panel,1.0
LSC2,8,8,0,180,gene_panel,1.0
LSM1,8,8,0,180,gene_panel,1.0
LSM6,8,8,0,180,gene_panel,1.0
MAG2,8,8,0,180,gene_panel,1.0
MAM33,8,8,0,180,gene_panel,1.0
MATALPHA2,8,8,0,180,gene_panel,1.0
MDJ1,8,8,0,180,gene_panel,1.0
MED1,8,8,0,180,gene_panel,1.0
MF%28ALPHA%291,8,8,0,180,gene_panel,1.0
MGM101,8,8,0,180,gene_panel,1.0
MIH1,8,8,0,180,gene_panel,1.0
MRK1,8,8,0,180,gene_panel,1.0
MRPL19,8,8,0,180,gene_panel,1.0
MRPL22,8,8,0,180,gene_panel,1.0
MRPL32,8,8,0,180,gene_panel,1.0
MSG5,8,8,0,180,gene_panel,1.0
MSP1,8,8,0,180,gene_panel,1.0
MSS116,8,8,0,180,gene_panel,1.0
NCS2,8,8,0,180,gene_panel,1.0
NCS6,8,8,0,180,gene_panel,1.0
NGL2,8,8,0,180,gene_panel,1.0
NHP6A,8,8,0,180,gene_panel,1.0
NHX1,8,8,0,180,gene_panel,1.0
NOT3,8,8,0,180,gene_panel,1.0
NPR1,8,8,0,180,gene_panel,1.0
NUP120,8,8,0,180,gene_panel,1.0
OPI3,8,8,0,180,gene_panel,1.0
PAP2,8,8,0,180,gene_panel,1.0
PCD1,8,8,0,180,gene_panel,1.0
PDX3,8,5,0,180,gene_panel,1.6
PEP12,8,8,0,180,gene_panel,1.0
PEP8,8,8,0,180,gene_panel,1.0
PER1,8,8,0,180,gene_panel,1.0
PHO23,8,8,0,180,gene_panel,1.0
PIM1,8,6,0,180,gene_panel,1.33
PKP2,8,8,0,180,gene_panel,1.0
PMR1,8,8,0,180,gene_panel,1.0
POP2,8,8,0,180,gene_panel,1.0
PPZ1,8,8,0,180,gene_panel,1.0
PRO2,8,8,0,180,gene_panel,1.0
PRR2,8,8,0,180,gene_panel,1.0
PTK1,8,8,0,180,gene_panel,1.0
PTP1,8,8,0,180,gene_panel,1.0
PUF3,8,8,0,180,gene_panel,1.0
RAD51,8,8,0,180,gene_panel,1.0
RAD54,8,8,0,180,gene_panel,1.0
RAD6,8,8,0,180,gene_panel,1.0
RAM1,8,8,0,180,gene_panel,1.0
RCY1,8,8,0,180,gene_panel,1.0
REF2,8,8,0,180,gene_panel,1.0
RFM1,8,8,0,180,gene_panel,1.0
RIC1,8,8,0,180,gene_panel,1.0
RIM15,8,8,0,180,gene_panel,1.0
RLF2,8,8,0,180,gene_panel,1.0
RNH201,8,8,0,180,gene_panel,1.0
RNR4,8,8,0,180,gene_panel,1.0
ROM2,8,8,0,180,gene_panel,1.0
RPL34B,8,8,0,180,gene_panel,1.0
RPS21A,8,8,0,180,gene_panel,1.0
RRG9,8,8,0,180,gene_panel,1.0
RRP6,8,8,0,180,gene_panel,1.0
RSC1,8,8,0,180,gene_panel,1.0
RSC2,8,8,0,180,gene_panel,1.0
RTT103,8,8,0,180,gene_panel,1.0
RXT3,8,8,0,180,gene_panel,1.0
SAC3,8,8,0,180,gene_panel,1.0
SAC6,8,8,0,180,gene_panel,1.0
SAK1,8,8,0,180,gene_panel,1.0
SAM3,8,8,0,180,gene_panel,1.0
SAP155,8,8,0,180,gene_panel,1.0
SAP185,8,8,0,180,gene_panel,1.0
SAT4,8,8,0,180,gene_panel,1.0
SEC22,8,8,0,180,gene_panel,1.0
SEH1,8,8,0,180,gene_panel,1.0
SEM1,8,8,0,180,gene_panel,1.0
SET2,8,8,0,180,gene_panel,1.0
SHE4,8,8,0,180,gene_panel,1.0
SIR4,8,8,0,180,gene_panel,1.0
SIS2,8,8,0,180,gene_panel,1.0
SLX5,8,8,0,180,gene_panel,1.0
SLX8,8,8,0,180,gene_panel,1.0
SMB1,8,8,0,180,gene_panel,1.0
SMI1,8,8,0,180,gene_panel,1.0
SNF6,8,8,0,180,gene_panel,1.0
SNF7,8,8,0,180,gene_panel,1.0
SNF8,8,8,0,180,gene_panel,1.0
SNT1,8,8,0,180,gene_panel,1.0
SNT309,8,8,0,180,gene_panel,1.0
SPT2,8,8,0,180,gene_panel,1.0
SRV2,8,8,0,180,gene_panel,1.0
SSK2,8,8,0,180,gene_panel,1.0
SSN3,8,8,0,180,gene_panel,1.0
STE7,8,8,0,180,gene_panel,1.0
STP22,8,8,0,180,gene_panel,1.0
SWD3,8,6,0,180,gene_panel,1.33
SWI4,8,8,0,180,gene_panel,1.0
SWR1,8,8,0,180,gene_panel,1.0
SYS1,8,8,0,180,gene_panel,1.0
THR4,8,8,0,180,gene_panel,1.0
TIR2,8,8,0,180,gene_panel,1.0
TOM1,8,8,0,180,gene_panel,1.0
TPS2,8,8,0,180,gene_panel,1.0
TPS3,8,8,0,180,gene_panel,1.0
TRP1,8,8,0,180,gene_panel,1.0
TRP2,8,8,0,180,gene_panel,1.0
TRP5,8,8,0,180,gene_panel,1.0
TRS85,8,8,0,180,gene_panel,1.0
TSR2,8,8,0,180,gene_panel,1.0
UBA4,8,8,0,180,gene_panel,1.0
UBP13,8,6,0,180,gene_panel,1.33
UBP7,8,8,0,180,gene_panel,1.0
UPF3,8,8,0,180,gene_panel,1.0
URA1,8,8,0,180,gene_panel,1.0
URK1,8,8,0,180,gene_panel,1.0
VAC14,8,8,0,180,gene_panel,1.0
VAM7,8,8,0,180,gene_panel,1.0
VIP1,8,8,0,180,gene_panel,1.0
VMA21,8,8,0,180,gene_panel,1.0
VMA3,8,8,0,180,gene_panel,1.0
VPH2,8,8,0,180,gene_panel,1.0
VPS20,8,8,0,180,gene_panel,1.0
VPS24,8,8,0,180,gene_panel,1.0
VPS29,8,8,0,180,gene_panel,1.0
VPS34,8,8,0,180,gene_panel,1.0
VPS36,8,8,0,180,gene_panel,1.0
VPS41,8,8,0,180,gene_panel,1.0
VPS45,8,8,0,180,gene_panel,1.0
VPS53,8,8,0,180,gene_panel,1.0
VPS64,8,8,0,180,gene_panel,1.0
VPS72,8,8,0,180,gene_panel,1.0
YAF9,8,8,0,180,gene_panel,1.0
YAK1,8,8,0,180,gene_panel,1.0
YCF1,8,8,0,180,gene_panel,1.0
YCK1,8,8,0,180,gene_panel,1.0
YGR122W,8,8,0,180,gene_panel,1.0
YMR242W_A,8,8,0,180,gene_panel,1.0
YNL140C,8,8,0,180,gene_panel,1.0
YPK2,8,8,0,180,gene_panel,1.0
CCW12,7,7,0,180,gene_panel,1.0
CLB1,7,7,0,180,gene_panel,1.0
CMK2,7,7,0,120,gene_panel,1.0
COQ8,7,7,0,120,gene_panel,1.0
CSG2,7,5,20,180,gene_panel,1.4
CTK1,7,7,0,180,gene_panel,1.0
DHH1,7,7,0,180,gene_panel,1.0
ELP4,7,7,0,180,gene_panel,1.0
FAR1,7,7,0,180,gene_panel,1.0
GCN2,7,7,0,180,gene_panel,1.0
GCN3,7,7,0,180,gene_panel,1.0
HRK1,7,7,0,180,gene_panel,1.0
IKI1,7,7,0,180,gene_panel,1.0
IME2,7,7,0,180,gene_panel,1.0
IRC25,7,7,0,180,gene_panel,1.0
IST3,7,7,0,180,gene_panel,1.0
KNS1,7,7,0,120,gene_panel,1.0
LEM3,7,7,0,120,gene_panel,1.0
MDS3,7,7,0,180,gene_panel,1.0
MRPL16,7,5,10,120,gene_panel,1.4
MSI1,7,5,0,120,gene_panel,1.4
NPR2,7,7,0,180,gene_panel,1.0
PER33,7,7,0,180,gene_panel,1.0
PEX2,7,7,0,180,gene_panel,1.0
PPQ1,7,7,0,180,gene_panel,1.0
RAI1,7,7,0,180,gene_panel,1.0
RGC1,7,7,0,120,gene_panel,1.0
SNF12,7,7,0,180,gene_panel,1.0
STE23,7,7,0,180,gene_panel,1.0
SWE1,7,7,0,180,gene_panel,1.0
SWF1,7,7,0,180,gene_panel,1.0
SYN8,7,5,0,40,gene_panel,1.4
TRM1,7,7,0,120,gene_panel,1.0
TSL1,7,7,0,180,gene_panel,1.0
UBP12,7,7,0,180,gene_panel,1.0
VPS35,7,7,0,180,gene_panel,1.0
VRP1,7,7,5,180,gene_panel,1.0
YBR062C,7,5,10,180,gene_panel,1.4
YMR196W,7,7,0,180,gene_panel,1.0
ATC1,6,6,5,180,gene_panel,1.0
CDC26,6,6,0,120,gene_panel,1.0
DBF2,6,6,5,180,gene_panel,1.0
DRS2,6,4,0,180,gene_panel,1.5
GSH1,6,6,5,180,gene_panel,1.0
HIF1,6,6,0,70,gene_panel,1.0
HNT3,6,6,0,120,gene_panel,1.0
MET18,6,6,0,70,gene_panel,1.0
NPL3,6,6,0,120,gene_panel,1.0
NUP170,6,6,0,180,gene_panel,1.0
POC4,6,6,0,180,gene_panel,1.0
RAD50,6,6,0,180,gene_panel,1.0
TCO89,6,6,0,180,gene_panel,1.0
THO2,6,6,0,70,gene_panel,1.0
VMA2,6,5,10,180,gene_panel,1.2
YMR160W,6,6,0,180,gene_panel,1.0
ATG14,5,5,5,120,gene_panel,1.0
GEF1,5,5,5,180,gene_panel,1.0
MRX1,5,5,0,180,gene_panel,1.0
SAP4,5,5,0,70,gene_panel,1.0
SCH9,5,5,10,180,gene_panel,1.0
SSK22,5,5,0,180,gene_panel,1.0
TMA23,5,5,0,70,gene_panel,1.0
YMR1,5,5,0,40,gene_panel,1.0
YPT31,5,5,0,120,gene_panel,1.0
ARP8,4,4,5,70,gene_panel,1.0
CLN3,4,4,10,180,gene_panel,1.0
FUS3,4,4,10,180,gene_panel,1.0
PTK2,4,4,5,70,gene_panel,1.0
RAD52,4,4,5,120,gene_panel,1.0
RPA49,4,4,0,40,gene_panel,1.0
SPC72,4,4,5,70,gene_panel,1.0
TEL1,4,4,0,180,gene_panel,1.0
VPS1,4,4,5,180,gene_panel,1.0
VPS16,4,4,10,180,gene_panel,1.0
VPS8,4,3,5,70,gene_panel,1.33
YEL067C,4,4,0,120,gene_panel,1.0
YGL081W,4,4,0,120,gene_panel,1.0
DEP1,3,3,0,70,gene_panel,1.0
GUP1,3,3,5,70,gene_panel,1.0
SLA1,3,3,0,120,gene_panel,1.0
SWC3,3,3,10,70,gene_panel,1.0
SWD1,3,3,5,180,gene_panel,1.0
TPK2,3,3,5,180,gene_panel,1.0
VPS9,3,3,5,70,gene_panel,1.0
HCR1,2,2,40,70,gene_panel,1.0
IRS4,2,2,20,120,gene_panel,1.0
KIN3,2,2,40,70,gene_panel,1.0
RPL16A,2,2,5,40,gene_panel,1.0
PSK1,1,1,70,70,gene_panel,1.0
PTC3,1,1,10,10,gene_panel,1.0
RPL38,1,1,10,10,gene_panel,1.0
